timestamp,open,high,low,close,volume,datetime
1782957600,3820.0,3920.0,3820.0,3920.0,0.0,2026-07-02 09:00:00+07:00
1782957900,3920.0,3950.0,3890.0,3920.0,11872900.0,2026-07-02 09:05:00+07:00
1782958200,3910.0,3930.0,3900.0,3910.0,4288000.0,2026-07-02 09:10:00+07:00
1782958500,3920.0,3920.0,3900.0,3910.0,3271700.0,2026-07-02 09:15:00+07:00
1782958800,3920.0,3920.0,3890.0,3900.0,5247000.0,2026-07-02 09:20:00+07:00
1782959100,3910.0,3910.0,3890.0,3900.0,3350700.0,2026-07-02 09:25:00+07:00
1782959400,3900.0,3910.0,3890.0,3910.0,2314900.0,2026-07-02 09:30:00+07:00
1782959700,3900.0,3910.0,3900.0,3900.0,1850100.0,2026-07-02 09:35:00+07:00
1782960000,3900.0,3960.0,3900.0,3960.0,13182100.0,2026-07-02 09:40:00+07:00
1782960300,3960.0,3960.0,3940.0,3940.0,5045600.0,2026-07-02 09:45:00+07:00
1782960600,3940.0,3950.0,3910.0,3940.0,7101200.0,2026-07-02 09:50:00+07:00
1782960900,3930.0,3950.0,3930.0,3950.0,2405000.0,2026-07-02 09:55:00+07:00
1782961200,3940.0,3950.0,3930.0,3940.0,3733900.0,2026-07-02 10:00:00+07:00
1782961500,3950.0,3950.0,3930.0,3950.0,1387600.0,2026-07-02 10:05:00+07:00
1782961800,3950.0,3950.0,3930.0,3940.0,3365800.0,2026-07-02 10:10:00+07:00
1782962100,3940.0,3940.0,3930.0,3940.0,1230900.0,2026-07-02 10:15:00+07:00
1782962400,3940.0,3940.0,3920.0,3930.0,914000.0,2026-07-02 10:20:00+07:00
1782962700,3930.0,3930.0,3920.0,3930.0,491700.0,2026-07-02 10:25:00+07:00
1782963000,3930.0,3930.0,3920.0,3930.0,669400.0,2026-07-02 10:30:00+07:00
1782963300,3930.0,3940.0,3920.0,3940.0,3568300.0,2026-07-02 10:35:00+07:00
1782963600,3930.0,3950.0,3920.0,3950.0,1453300.0,2026-07-02 10:40:00+07:00
1782963900,3940.0,3950.0,3940.0,3940.0,1842400.0,2026-07-02 10:45:00+07:00
1782964200,3950.0,3950.0,3940.0,3950.0,546700.0,2026-07-02 10:50:00+07:00
1782964500,3950.0,3950.0,3940.0,3940.0,502700.0,2026-07-02 10:55:00+07:00
1782964800,3950.0,3950.0,3920.0,3920.0,1711900.0,2026-07-02 11:00:00+07:00
1782965100,3940.0,3940.0,3920.0,3920.0,279900.0,2026-07-02 11:05:00+07:00
1782965400,3930.0,3930.0,3910.0,3920.0,1944300.0,2026-07-02 11:10:00+07:00
1782965700,3930.0,3940.0,3920.0,3930.0,1384500.0,2026-07-02 11:15:00+07:00
1782966000,3930.0,3950.0,3920.0,3950.0,2588100.0,2026-07-02 11:20:00+07:00
1782966300,3940.0,3950.0,3940.0,3940.0,524200.0,2026-07-02 11:25:00+07:00
1782966600,3940.0,3950.0,3940.0,3950.0,255300.0,2026-07-02 11:30:00+07:00
1782966900,3950.0,3950.0,3930.0,3950.0,1495800.0,2026-07-02 11:35:00+07:00
1782967200,3940.0,3950.0,3930.0,3940.0,1861700.0,2026-07-02 11:40:00+07:00
1782967500,3940.0,3950.0,3930.0,3940.0,1079200.0,2026-07-02 11:45:00+07:00
1782967800,3940.0,3950.0,3930.0,3930.0,747200.0,2026-07-02 11:50:00+07:00
1782968100,3940.0,3950.0,3920.0,3930.0,2935400.0,2026-07-02 11:55:00+07:00
1782973800,3950.0,3950.0,3930.0,3940.0,2171300.0,2026-07-02 13:30:00+07:00
1782974100,3940.0,3950.0,3930.0,3940.0,1411300.0,2026-07-02 13:35:00+07:00
1782974400,3950.0,3950.0,3930.0,3940.0,1809700.0,2026-07-02 13:40:00+07:00
1782974700,3940.0,3940.0,3930.0,3940.0,537300.0,2026-07-02 13:45:00+07:00
1782975000,3940.0,3940.0,3920.0,3920.0,893600.0,2026-07-02 13:50:00+07:00
1782975300,3930.0,3930.0,3920.0,3930.0,655400.0,2026-07-02 13:55:00+07:00
1782975600,3930.0,3940.0,3920.0,3940.0,1152500.0,2026-07-02 14:00:00+07:00
1782975900,3930.0,3940.0,3930.0,3940.0,2267200.0,2026-07-02 14:05:00+07:00
1782976200,3940.0,3950.0,3930.0,3930.0,1130600.0,2026-07-02 14:10:00+07:00
1782976500,3930.0,3950.0,3930.0,3940.0,666700.0,2026-07-02 14:15:00+07:00
1782976800,3940.0,3950.0,3930.0,3940.0,721200.0,2026-07-02 14:20:00+07:00
1782977100,3940.0,3950.0,3930.0,3940.0,2008100.0,2026-07-02 14:25:00+07:00
1782977400,3930.0,3950.0,3930.0,3950.0,1437800.0,2026-07-02 14:30:00+07:00
1782977700,3940.0,3950.0,3930.0,3940.0,1520700.0,2026-07-02 14:35:00+07:00
1782978000,3940.0,3950.0,3930.0,3940.0,1053900.0,2026-07-02 14:40:00+07:00
1782978300,3940.0,3950.0,3930.0,3940.0,1588100.0,2026-07-02 14:45:00+07:00
1782978600,3940.0,3950.0,3930.0,3950.0,1595900.0,2026-07-02 14:50:00+07:00
1782978900,3940.0,3950.0,3930.0,3940.0,1232900.0,2026-07-02 14:55:00+07:00
1782979200,3930.0,3950.0,3930.0,3950.0,642000.0,2026-07-02 15:00:00+07:00
1782979500,3940.0,3950.0,3930.0,3930.0,1382900.0,2026-07-02 15:05:00+07:00
1782979800,3940.0,3940.0,3920.0,3930.0,1728800.0,2026-07-02 15:10:00+07:00
1782980100,3930.0,3930.0,3920.0,3920.0,605900.0,2026-07-02 15:15:00+07:00
1782980400,3920.0,3930.0,3920.0,3920.0,442000.0,2026-07-02 15:20:00+07:00
1782980700,3930.0,3930.0,3920.0,3920.0,1348600.0,2026-07-02 15:25:00+07:00
1782981000,3920.0,3930.0,3920.0,3920.0,1391500.0,2026-07-02 15:30:00+07:00
1782981300,3920.0,3930.0,3920.0,3920.0,884100.0,2026-07-02 15:35:00+07:00
1782981600,3920.0,3930.0,3910.0,3930.0,4218700.0,2026-07-02 15:40:00+07:00
1782981900,3920.0,3930.0,3910.0,3920.0,2107000.0,2026-07-02 15:45:00+07:00
1782982800,3900.0,3900.0,3900.0,3900.0,14224900.0,2026-07-02 16:00:00+07:00
1782983100,3900.0,3900.0,3900.0,3900.0,348800.0,2026-07-02 16:05:00+07:00
1782983400,3900.0,3900.0,3900.0,3900.0,41600.0,2026-07-02 16:10:00+07:00
1783044000,3950.0,4040.0,3950.0,4030.0,0.0,2026-07-03 09:00:00+07:00
1783044300,4020.0,4040.0,4010.0,4010.0,5110800.0,2026-07-03 09:05:00+07:00
1783044600,4010.0,4020.0,4010.0,4010.0,1269800.0,2026-07-03 09:10:00+07:00
1783044900,4020.0,4020.0,4000.0,4010.0,1543800.0,2026-07-03 09:15:00+07:00
1783045200,4010.0,4010.0,3990.0,4010.0,2280500.0,2026-07-03 09:20:00+07:00
1783045500,4010.0,4020.0,4000.0,4010.0,973100.0,2026-07-03 09:25:00+07:00
1783045800,4010.0,4030.0,4000.0,4030.0,2769400.0,2026-07-03 09:30:00+07:00
1783046100,4030.0,4030.0,4020.0,4030.0,502600.0,2026-07-03 09:35:00+07:00
1783046400,4030.0,4040.0,4020.0,4030.0,2451900.0,2026-07-03 09:40:00+07:00
1783046700,4040.0,4040.0,4020.0,4030.0,1263900.0,2026-07-03 09:45:00+07:00
1783047000,4040.0,4040.0,4020.0,4020.0,1148300.0,2026-07-03 09:50:00+07:00
1783047300,4020.0,4030.0,4020.0,4030.0,1149700.0,2026-07-03 09:55:00+07:00
1783047600,4030.0,4030.0,4010.0,4030.0,1340700.0,2026-07-03 10:00:00+07:00
1783047900,4020.0,4030.0,4010.0,4010.0,914000.0,2026-07-03 10:05:00+07:00
1783048200,4030.0,4030.0,4010.0,4030.0,797300.0,2026-07-03 10:10:00+07:00
1783048500,4020.0,4030.0,4010.0,4020.0,1618800.0,2026-07-03 10:15:00+07:00
1783048800,4020.0,4030.0,4010.0,4030.0,1263200.0,2026-07-03 10:20:00+07:00
1783049100,4030.0,4030.0,4010.0,4020.0,1384600.0,2026-07-03 10:25:00+07:00
1783049400,4020.0,4020.0,4010.0,4020.0,1058100.0,2026-07-03 10:30:00+07:00
1783049700,4020.0,4020.0,4010.0,4010.0,1475000.0,2026-07-03 10:35:00+07:00
1783050000,4020.0,4020.0,4010.0,4020.0,406900.0,2026-07-03 10:40:00+07:00
1783050300,4010.0,4020.0,4010.0,4010.0,167400.0,2026-07-03 10:45:00+07:00
1783050600,4010.0,4020.0,4010.0,4020.0,1872600.0,2026-07-03 10:50:00+07:00
1783050900,4020.0,4020.0,4010.0,4010.0,381600.0,2026-07-03 10:55:00+07:00
1783051200,4020.0,4020.0,4010.0,4020.0,198400.0,2026-07-03 11:00:00+07:00
1783051500,4020.0,4020.0,4010.0,4010.0,1827900.0,2026-07-03 11:05:00+07:00
1783051800,4020.0,4020.0,3990.0,4000.0,5039300.0,2026-07-03 11:10:00+07:00
1783052100,4000.0,4010.0,3990.0,4000.0,2007700.0,2026-07-03 11:15:00+07:00
1783052400,4000.0,4010.0,3990.0,4000.0,388400.0,2026-07-03 11:20:00+07:00
1783052700,4000.0,4010.0,4000.0,4000.0,808300.0,2026-07-03 11:25:00+07:00
1783062000,4010.0,4030.0,4000.0,4020.0,4512100.0,2026-07-03 14:00:00+07:00
1783062300,4030.0,4030.0,4010.0,4020.0,1360200.0,2026-07-03 14:05:00+07:00
1783062600,4020.0,4020.0,4010.0,4020.0,111700.0,2026-07-03 14:10:00+07:00
1783062900,4010.0,4020.0,4010.0,4020.0,224900.0,2026-07-03 14:15:00+07:00
1783063200,4010.0,4020.0,4010.0,4020.0,906000.0,2026-07-03 14:20:00+07:00
1783063500,4020.0,4020.0,4010.0,4010.0,364900.0,2026-07-03 14:25:00+07:00
1783063800,4020.0,4020.0,4010.0,4020.0,423900.0,2026-07-03 14:30:00+07:00
1783064100,4020.0,4020.0,4000.0,4000.0,2014300.0,2026-07-03 14:35:00+07:00
1783064400,4010.0,4010.0,4000.0,4010.0,833000.0,2026-07-03 14:40:00+07:00
1783064700,4010.0,4020.0,4000.0,4020.0,724200.0,2026-07-03 14:45:00+07:00
1783065000,4020.0,4020.0,4010.0,4010.0,204300.0,2026-07-03 14:50:00+07:00
1783065300,4010.0,4020.0,4010.0,4020.0,431900.0,2026-07-03 14:55:00+07:00
1783065600,4020.0,4020.0,4010.0,4020.0,476500.0,2026-07-03 15:00:00+07:00
1783065900,4010.0,4020.0,4010.0,4020.0,580500.0,2026-07-03 15:05:00+07:00
1783066200,4020.0,4020.0,4010.0,4020.0,946600.0,2026-07-03 15:10:00+07:00
1783066500,4020.0,4020.0,4010.0,4020.0,1489300.0,2026-07-03 15:15:00+07:00
1783066800,4020.0,4020.0,4010.0,4020.0,1029100.0,2026-07-03 15:20:00+07:00
1783067100,4020.0,4020.0,4010.0,4020.0,1032100.0,2026-07-03 15:25:00+07:00
1783067400,4020.0,4020.0,4010.0,4020.0,1563200.0,2026-07-03 15:30:00+07:00
1783067700,4020.0,4020.0,4010.0,4020.0,1499300.0,2026-07-03 15:35:00+07:00
1783068000,4020.0,4020.0,4000.0,4020.0,4404700.0,2026-07-03 15:40:00+07:00
1783068300,4020.0,4020.0,4000.0,4010.0,1840000.0,2026-07-03 15:45:00+07:00
1783069200,4010.0,4010.0,4010.0,4010.0,8938400.0,2026-07-03 16:00:00+07:00
1783069500,4010.0,4010.0,4010.0,4010.0,298000.0,2026-07-03 16:05:00+07:00
1783069800,4010.0,4010.0,4010.0,4010.0,350600.0,2026-07-03 16:10:00+07:00
1783303200,4020.0,4020.0,3940.0,4000.0,0.0,2026-07-06 09:00:00+07:00
1783303500,4000.0,4010.0,3990.0,4010.0,3540700.0,2026-07-06 09:05:00+07:00
1783303800,4010.0,4010.0,3980.0,3980.0,3985000.0,2026-07-06 09:10:00+07:00
1783304100,3990.0,4000.0,3980.0,4000.0,1625400.0,2026-07-06 09:15:00+07:00
1783304400,4000.0,4000.0,3980.0,3990.0,1184000.0,2026-07-06 09:20:00+07:00
1783304700,3990.0,4000.0,3980.0,4000.0,1075800.0,2026-07-06 09:25:00+07:00
1783305000,4000.0,4000.0,3980.0,3990.0,1908700.0,2026-07-06 09:30:00+07:00
1783305300,3990.0,3990.0,3980.0,3990.0,1039000.0,2026-07-06 09:35:00+07:00
1783305600,3990.0,3990.0,3980.0,3990.0,1289700.0,2026-07-06 09:40:00+07:00
1783305900,3990.0,3990.0,3960.0,3970.0,4255500.0,2026-07-06 09:45:00+07:00
1783306200,3970.0,3970.0,3960.0,3960.0,1870100.0,2026-07-06 09:50:00+07:00
1783306500,3970.0,3970.0,3950.0,3960.0,1412200.0,2026-07-06 09:55:00+07:00
1783306800,3960.0,3970.0,3950.0,3970.0,2444100.0,2026-07-06 10:00:00+07:00
1783307100,3970.0,3970.0,3960.0,3970.0,987600.0,2026-07-06 10:05:00+07:00
1783307400,3970.0,3970.0,3960.0,3970.0,683600.0,2026-07-06 10:10:00+07:00
1783307700,3970.0,3970.0,3960.0,3970.0,522900.0,2026-07-06 10:15:00+07:00
1783308000,3970.0,3970.0,3960.0,3970.0,648300.0,2026-07-06 10:20:00+07:00
1783308300,3970.0,3970.0,3960.0,3970.0,1300400.0,2026-07-06 10:25:00+07:00
1783308600,3970.0,3970.0,3950.0,3960.0,891700.0,2026-07-06 10:30:00+07:00
1783308900,3960.0,3960.0,3950.0,3960.0,414400.0,2026-07-06 10:35:00+07:00
1783309200,3960.0,3960.0,3950.0,3960.0,733300.0,2026-07-06 10:40:00+07:00
1783309500,3960.0,3960.0,3950.0,3960.0,1006100.0,2026-07-06 10:45:00+07:00
1783309800,3960.0,3960.0,3950.0,3960.0,528400.0,2026-07-06 10:50:00+07:00
1783310100,3960.0,3960.0,3950.0,3960.0,2164700.0,2026-07-06 10:55:00+07:00
1783310400,3960.0,3960.0,3950.0,3960.0,758200.0,2026-07-06 11:00:00+07:00
1783310700,3960.0,3960.0,3950.0,3960.0,591200.0,2026-07-06 11:05:00+07:00
1783311000,3960.0,3960.0,3950.0,3960.0,429500.0,2026-07-06 11:10:00+07:00
1783311300,3960.0,3960.0,3950.0,3960.0,598600.0,2026-07-06 11:15:00+07:00
1783311600,3960.0,3960.0,3950.0,3960.0,1032700.0,2026-07-06 11:20:00+07:00
1783311900,3960.0,3960.0,3950.0,3950.0,1902300.0,2026-07-06 11:25:00+07:00
1783312200,3960.0,3960.0,3940.0,3950.0,2727800.0,2026-07-06 11:30:00+07:00
1783312500,3950.0,3950.0,3940.0,3950.0,690900.0,2026-07-06 11:35:00+07:00
1783312800,3950.0,3950.0,3940.0,3950.0,426900.0,2026-07-06 11:40:00+07:00
1783313100,3950.0,3950.0,3940.0,3950.0,479800.0,2026-07-06 11:45:00+07:00
1783313400,3950.0,3950.0,3940.0,3950.0,759500.0,2026-07-06 11:50:00+07:00
1783313700,3950.0,3950.0,3940.0,3950.0,974000.0,2026-07-06 11:55:00+07:00
1783319400,3950.0,3970.0,3940.0,3960.0,2893600.0,2026-07-06 13:30:00+07:00
1783319700,3960.0,3970.0,3950.0,3960.0,954300.0,2026-07-06 13:35:00+07:00
1783320000,3960.0,3980.0,3960.0,3970.0,2239700.0,2026-07-06 13:40:00+07:00
1783320300,3970.0,3980.0,3960.0,3970.0,1513500.0,2026-07-06 13:45:00+07:00
1783320600,3970.0,3980.0,3960.0,3970.0,2174700.0,2026-07-06 13:50:00+07:00
1783320900,3970.0,3980.0,3960.0,3970.0,858900.0,2026-07-06 13:55:00+07:00
1783321200,3970.0,3980.0,3960.0,3980.0,2501200.0,2026-07-06 14:00:00+07:00
1783321500,3980.0,3980.0,3960.0,3980.0,1069200.0,2026-07-06 14:05:00+07:00
1783321800,3980.0,3980.0,3960.0,3970.0,1012000.0,2026-07-06 14:10:00+07:00
1783322100,3970.0,3970.0,3960.0,3970.0,709000.0,2026-07-06 14:15:00+07:00
1783322400,3970.0,3980.0,3960.0,3970.0,1756800.0,2026-07-06 14:20:00+07:00
1783322700,3980.0,3980.0,3970.0,3980.0,1014500.0,2026-07-06 14:25:00+07:00
1783323000,3980.0,3980.0,3960.0,3970.0,2453700.0,2026-07-06 14:30:00+07:00
1783323300,3970.0,3980.0,3960.0,3980.0,1762700.0,2026-07-06 14:35:00+07:00
1783323600,3980.0,3980.0,3970.0,3980.0,363800.0,2026-07-06 14:40:00+07:00
1783323900,3980.0,3980.0,3970.0,3980.0,637100.0,2026-07-06 14:45:00+07:00
1783324200,3980.0,3980.0,3970.0,3980.0,553700.0,2026-07-06 14:50:00+07:00
1783324500,3980.0,3980.0,3970.0,3980.0,1765100.0,2026-07-06 14:55:00+07:00
1783324800,3980.0,4000.0,3970.0,4000.0,6798100.0,2026-07-06 15:00:00+07:00
1783325100,4000.0,4010.0,3990.0,4010.0,5098600.0,2026-07-06 15:05:00+07:00
1783325400,4010.0,4020.0,4000.0,4020.0,3779900.0,2026-07-06 15:10:00+07:00
1783325700,4010.0,4020.0,4000.0,4020.0,2966300.0,2026-07-06 15:15:00+07:00
1783326000,4020.0,4040.0,4010.0,4040.0,4993100.0,2026-07-06 15:20:00+07:00
1783326300,4040.0,4040.0,4010.0,4020.0,3464500.0,2026-07-06 15:25:00+07:00
1783326600,4020.0,4030.0,4010.0,4030.0,4199400.0,2026-07-06 15:30:00+07:00
1783326900,4030.0,4030.0,4010.0,4020.0,3730900.0,2026-07-06 15:35:00+07:00
1783327200,4020.0,4030.0,4010.0,4030.0,5207600.0,2026-07-06 15:40:00+07:00
1783327500,4030.0,4040.0,4010.0,4040.0,4774100.0,2026-07-06 15:45:00+07:00
1783328400,4030.0,4030.0,4030.0,4030.0,15418800.0,2026-07-06 16:00:00+07:00
1783328700,4030.0,4030.0,4030.0,4030.0,100100.0,2026-07-06 16:05:00+07:00
1783329000,4030.0,4030.0,4030.0,4030.0,228900.0,2026-07-06 16:10:00+07:00
1783389600,4040.0,4050.0,4000.0,4040.0,0.0,2026-07-07 09:00:00+07:00
1783389900,4050.0,4050.0,4000.0,4010.0,4539700.0,2026-07-07 09:05:00+07:00
1783390200,4010.0,4010.0,3990.0,4000.0,2814000.0,2026-07-07 09:10:00+07:00
1783390500,3990.0,4000.0,3990.0,3990.0,1459400.0,2026-07-07 09:15:00+07:00
1783390800,4000.0,4010.0,3990.0,4010.0,3735600.0,2026-07-07 09:20:00+07:00
1783391100,4020.0,4030.0,4010.0,4020.0,1835800.0,2026-07-07 09:25:00+07:00
1783391400,4020.0,4020.0,4000.0,4000.0,2473500.0,2026-07-07 09:30:00+07:00
1783391700,4000.0,4010.0,4000.0,4010.0,1023600.0,2026-07-07 09:35:00+07:00
1783392000,4000.0,4010.0,3990.0,3990.0,2106400.0,2026-07-07 09:40:00+07:00
1783392300,3990.0,4010.0,3990.0,4000.0,2122700.0,2026-07-07 09:45:00+07:00
1783392600,4010.0,4010.0,4000.0,4000.0,1066700.0,2026-07-07 09:50:00+07:00
1783392900,4010.0,4020.0,4000.0,4020.0,2954400.0,2026-07-07 09:55:00+07:00
1783393200,4010.0,4020.0,4010.0,4020.0,2355100.0,2026-07-07 10:00:00+07:00
1783393500,4020.0,4020.0,4010.0,4020.0,1616900.0,2026-07-07 10:05:00+07:00
1783393800,4020.0,4020.0,4000.0,4010.0,1931200.0,2026-07-07 10:10:00+07:00
1783394100,4010.0,4020.0,4000.0,4020.0,1197900.0,2026-07-07 10:15:00+07:00
1783394400,4020.0,4020.0,4010.0,4020.0,689000.0,2026-07-07 10:20:00+07:00
1783394700,4020.0,4020.0,4010.0,4020.0,830300.0,2026-07-07 10:25:00+07:00
1783395000,4020.0,4020.0,4010.0,4020.0,983000.0,2026-07-07 10:30:00+07:00
1783395300,4020.0,4020.0,4010.0,4020.0,1245800.0,2026-07-07 10:35:00+07:00
1783395600,4020.0,4030.0,4010.0,4030.0,3173400.0,2026-07-07 10:40:00+07:00
1783395900,4030.0,4030.0,4020.0,4030.0,1858900.0,2026-07-07 10:45:00+07:00
1783396200,4020.0,4030.0,4020.0,4030.0,199900.0,2026-07-07 10:50:00+07:00
1783396500,4030.0,4030.0,4010.0,4010.0,1652100.0,2026-07-07 10:55:00+07:00
1783396800,4020.0,4020.0,4010.0,4020.0,1051500.0,2026-07-07 11:00:00+07:00
1783397100,4020.0,4020.0,4010.0,4020.0,973100.0,2026-07-07 11:05:00+07:00
1783397400,4020.0,4020.0,4010.0,4020.0,842900.0,2026-07-07 11:10:00+07:00
1783397700,4010.0,4020.0,4010.0,4020.0,883000.0,2026-07-07 11:15:00+07:00
1783398000,4010.0,4020.0,4010.0,4020.0,2475100.0,2026-07-07 11:20:00+07:00
1783398300,4020.0,4020.0,4010.0,4010.0,1022500.0,2026-07-07 11:25:00+07:00
1783398600,4020.0,4020.0,4010.0,4020.0,528100.0,2026-07-07 11:30:00+07:00
1783398900,4010.0,4020.0,4010.0,4020.0,922300.0,2026-07-07 11:35:00+07:00
1783399200,4020.0,4020.0,4010.0,4010.0,711000.0,2026-07-07 11:40:00+07:00
1783399500,4020.0,4020.0,4010.0,4010.0,408400.0,2026-07-07 11:45:00+07:00
1783399800,4010.0,4020.0,4010.0,4020.0,567900.0,2026-07-07 11:50:00+07:00
1783400100,4020.0,4020.0,4010.0,4010.0,1149300.0,2026-07-07 11:55:00+07:00
1783405800,4010.0,4030.0,4010.0,4030.0,6031300.0,2026-07-07 13:30:00+07:00
1783406100,4030.0,4030.0,4020.0,4020.0,1027500.0,2026-07-07 13:35:00+07:00
1783406400,4020.0,4050.0,4020.0,4040.0,8595800.0,2026-07-07 13:40:00+07:00
1783406700,4040.0,4050.0,4030.0,4050.0,2019200.0,2026-07-07 13:45:00+07:00
1783407000,4040.0,4050.0,4030.0,4040.0,2736900.0,2026-07-07 13:50:00+07:00
1783407300,4040.0,4040.0,4030.0,4030.0,618300.0,2026-07-07 13:55:00+07:00
1783407600,4030.0,4040.0,4020.0,4030.0,3933900.0,2026-07-07 14:00:00+07:00
1783407900,4030.0,4040.0,4020.0,4040.0,2245800.0,2026-07-07 14:05:00+07:00
1783408200,4030.0,4040.0,4030.0,4040.0,2274000.0,2026-07-07 14:10:00+07:00
1783408500,4040.0,4040.0,4030.0,4030.0,528700.0,2026-07-07 14:15:00+07:00
1783408800,4040.0,4040.0,4030.0,4040.0,1417200.0,2026-07-07 14:20:00+07:00
1783409100,4040.0,4040.0,4030.0,4030.0,772300.0,2026-07-07 14:25:00+07:00
1783409400,4030.0,4040.0,4030.0,4040.0,3052700.0,2026-07-07 14:30:00+07:00
1783409700,4040.0,4060.0,4030.0,4060.0,8161800.0,2026-07-07 14:35:00+07:00
1783410000,4060.0,4060.0,4050.0,4060.0,3162900.0,2026-07-07 14:40:00+07:00
1783410300,4050.0,4060.0,4050.0,4060.0,1159100.0,2026-07-07 14:45:00+07:00
1783410600,4060.0,4070.0,4050.0,4070.0,4771900.0,2026-07-07 14:50:00+07:00
1783410900,4060.0,4080.0,4060.0,4080.0,5491200.0,2026-07-07 14:55:00+07:00
1783411200,4080.0,4090.0,4070.0,4080.0,4880600.0,2026-07-07 15:00:00+07:00
1783411500,4080.0,4080.0,4070.0,4080.0,1050300.0,2026-07-07 15:05:00+07:00
1783411800,4080.0,4080.0,4070.0,4080.0,1692500.0,2026-07-07 15:10:00+07:00
1783412100,4080.0,4080.0,4070.0,4080.0,1365200.0,2026-07-07 15:15:00+07:00
1783412400,4080.0,4080.0,4070.0,4080.0,2273100.0,2026-07-07 15:20:00+07:00
1783412700,4080.0,4080.0,4070.0,4080.0,1900500.0,2026-07-07 15:25:00+07:00
1783413000,4070.0,4080.0,4070.0,4080.0,1822500.0,2026-07-07 15:30:00+07:00
1783413300,4080.0,4080.0,4060.0,4070.0,4307700.0,2026-07-07 15:35:00+07:00
1783413600,4060.0,4070.0,4060.0,4070.0,2315600.0,2026-07-07 15:40:00+07:00
1783413900,4060.0,4070.0,4050.0,4060.0,5357000.0,2026-07-07 15:45:00+07:00
1783414800,4070.0,4070.0,4070.0,4070.0,24307200.0,2026-07-07 16:00:00+07:00
1783415100,4070.0,4070.0,4070.0,4070.0,835300.0,2026-07-07 16:05:00+07:00
1783415400,4070.0,4070.0,4070.0,4070.0,342800.0,2026-07-07 16:10:00+07:00
1783476000,4080.0,4080.0,4030.0,4040.0,0.0,2026-07-08 09:00:00+07:00
1783476300,4040.0,4050.0,4030.0,4050.0,3325100.0,2026-07-08 09:05:00+07:00
1783476600,4040.0,4050.0,4020.0,4030.0,4073600.0,2026-07-08 09:10:00+07:00
1783476900,4020.0,4040.0,4020.0,4030.0,1171600.0,2026-07-08 09:15:00+07:00
1783477200,4030.0,4030.0,4020.0,4020.0,1380300.0,2026-07-08 09:20:00+07:00
1783477500,4020.0,4030.0,4010.0,4020.0,1423900.0,2026-07-08 09:25:00+07:00
1783477800,4020.0,4020.0,4010.0,4010.0,1157200.0,2026-07-08 09:30:00+07:00
1783478100,4010.0,4020.0,4010.0,4010.0,431600.0,2026-07-08 09:35:00+07:00
1783478400,4010.0,4020.0,4010.0,4010.0,1456900.0,2026-07-08 09:40:00+07:00
1783478700,4010.0,4030.0,4010.0,4030.0,3640300.0,2026-07-08 09:45:00+07:00
1783479000,4030.0,4030.0,4020.0,4030.0,728500.0,2026-07-08 09:50:00+07:00
1783479300,4030.0,4030.0,4010.0,4010.0,1808100.0,2026-07-08 09:55:00+07:00
1783479600,4020.0,4020.0,4010.0,4020.0,641300.0,2026-07-08 10:00:00+07:00
1783479900,4020.0,4020.0,4010.0,4010.0,492400.0,2026-07-08 10:05:00+07:00
1783480200,4010.0,4020.0,4010.0,4020.0,324900.0,2026-07-08 10:10:00+07:00
1783480500,4020.0,4020.0,4010.0,4010.0,351500.0,2026-07-08 10:15:00+07:00
1783480800,4020.0,4020.0,4010.0,4020.0,549000.0,2026-07-08 10:20:00+07:00
1783481100,4020.0,4020.0,4010.0,4020.0,296400.0,2026-07-08 10:25:00+07:00
1783481400,4020.0,4020.0,4010.0,4020.0,155500.0,2026-07-08 10:30:00+07:00
1783481700,4020.0,4020.0,4000.0,4020.0,4555300.0,2026-07-08 10:35:00+07:00
1783482000,4020.0,4020.0,4010.0,4020.0,72400.0,2026-07-08 10:40:00+07:00
1783482300,4010.0,4020.0,4010.0,4010.0,152100.0,2026-07-08 10:45:00+07:00
1783482600,4020.0,4020.0,4010.0,4020.0,165300.0,2026-07-08 10:50:00+07:00
1783482900,4020.0,4020.0,4010.0,4020.0,783900.0,2026-07-08 10:55:00+07:00
1783483200,4010.0,4020.0,4010.0,4020.0,389100.0,2026-07-08 11:00:00+07:00
1783483500,4010.0,4020.0,4010.0,4020.0,1396300.0,2026-07-08 11:05:00+07:00
1783483800,4020.0,4020.0,4010.0,4020.0,209600.0,2026-07-08 11:10:00+07:00
1783484100,4020.0,4020.0,4010.0,4020.0,337400.0,2026-07-08 11:15:00+07:00
1783484400,4010.0,4030.0,4010.0,4020.0,675000.0,2026-07-08 11:20:00+07:00
1783484700,4030.0,4030.0,4020.0,4020.0,246000.0,2026-07-08 11:25:00+07:00
1783485000,4020.0,4030.0,4020.0,4030.0,225200.0,2026-07-08 11:30:00+07:00
1783485300,4020.0,4030.0,4010.0,4020.0,639400.0,2026-07-08 11:35:00+07:00
1783485600,4010.0,4020.0,4010.0,4020.0,187600.0,2026-07-08 11:40:00+07:00
1783485900,4020.0,4020.0,4010.0,4020.0,1609600.0,2026-07-08 11:45:00+07:00
1783486200,4020.0,4030.0,4020.0,4030.0,74800.0,2026-07-08 11:50:00+07:00
1783486500,4030.0,4030.0,4020.0,4020.0,356200.0,2026-07-08 11:55:00+07:00
1783492200,4020.0,4030.0,4020.0,4030.0,820000.0,2026-07-08 13:30:00+07:00
1783492500,4020.0,4030.0,4020.0,4020.0,294100.0,2026-07-08 13:35:00+07:00
1783492800,4030.0,4030.0,4020.0,4030.0,555100.0,2026-07-08 13:40:00+07:00
1783493100,4030.0,4030.0,4020.0,4030.0,262800.0,2026-07-08 13:45:00+07:00
1783493400,4030.0,4030.0,4020.0,4030.0,497600.0,2026-07-08 13:50:00+07:00
1783493700,4030.0,4030.0,4020.0,4030.0,560600.0,2026-07-08 13:55:00+07:00
1783494000,4030.0,4030.0,4020.0,4030.0,2310500.0,2026-07-08 14:00:00+07:00
1783494300,4030.0,4040.0,4020.0,4040.0,479400.0,2026-07-08 14:05:00+07:00
1783494600,4030.0,4040.0,4030.0,4040.0,303000.0,2026-07-08 14:10:00+07:00
1783494900,4030.0,4040.0,4030.0,4040.0,308900.0,2026-07-08 14:15:00+07:00
1783495200,4040.0,4040.0,4030.0,4040.0,189200.0,2026-07-08 14:20:00+07:00
1783495500,4040.0,4050.0,4020.0,4050.0,3117700.0,2026-07-08 14:25:00+07:00
1783495800,4040.0,4050.0,4040.0,4050.0,174900.0,2026-07-08 14:30:00+07:00
1783496100,4050.0,4050.0,4040.0,4040.0,385100.0,2026-07-08 14:35:00+07:00
1783496400,4050.0,4050.0,4040.0,4050.0,128400.0,2026-07-08 14:40:00+07:00
1783496700,4050.0,4050.0,4030.0,4030.0,1980100.0,2026-07-08 14:45:00+07:00
1783497000,4030.0,4040.0,4030.0,4040.0,605200.0,2026-07-08 14:50:00+07:00
1783497300,4040.0,4040.0,4030.0,4040.0,460100.0,2026-07-08 14:55:00+07:00
1783497600,4040.0,4040.0,4030.0,4040.0,391800.0,2026-07-08 15:00:00+07:00
1783497900,4030.0,4040.0,4030.0,4040.0,410600.0,2026-07-08 15:05:00+07:00
1783498200,4030.0,4040.0,4030.0,4040.0,144000.0,2026-07-08 15:10:00+07:00
1783498500,4040.0,4040.0,4030.0,4040.0,642800.0,2026-07-08 15:15:00+07:00
1783498800,4040.0,4040.0,4030.0,4040.0,492200.0,2026-07-08 15:20:00+07:00
1783499100,4040.0,4040.0,4020.0,4030.0,3092400.0,2026-07-08 15:25:00+07:00
1783499400,4040.0,4040.0,4020.0,4030.0,1770200.0,2026-07-08 15:30:00+07:00
1783499700,4030.0,4030.0,4010.0,4010.0,3096500.0,2026-07-08 15:35:00+07:00
1783500000,4010.0,4020.0,4000.0,4000.0,4784800.0,2026-07-08 15:40:00+07:00
1783500300,4000.0,4010.0,3980.0,3990.0,11673800.0,2026-07-08 15:45:00+07:00
1783501200,3970.0,3970.0,3970.0,3970.0,18401700.0,2026-07-08 16:00:00+07:00
1783501500,3970.0,3970.0,3970.0,3970.0,569100.0,2026-07-08 16:05:00+07:00
1783501800,3970.0,3970.0,3970.0,3970.0,689300.0,2026-07-08 16:10:00+07:00
1783562400,3960.0,4000.0,3950.0,3980.0,0.0,2026-07-09 09:00:00+07:00
1783562700,3980.0,3990.0,3960.0,3990.0,3574500.0,2026-07-09 09:05:00+07:00
1783563000,3990.0,3990.0,3980.0,3990.0,1211700.0,2026-07-09 09:10:00+07:00
1783563300,3990.0,4000.0,3980.0,4000.0,1823200.0,2026-07-09 09:15:00+07:00
1783563600,4000.0,4020.0,3990.0,4010.0,5437700.0,2026-07-09 09:20:00+07:00
1783563900,4010.0,4020.0,4000.0,4020.0,798900.0,2026-07-09 09:25:00+07:00
1783564200,4020.0,4020.0,4000.0,4000.0,1441500.0,2026-07-09 09:30:00+07:00
1783564500,4000.0,4010.0,3980.0,3990.0,3589800.0,2026-07-09 09:35:00+07:00
1783564800,3990.0,3990.0,3980.0,3990.0,667000.0,2026-07-09 09:40:00+07:00
1783565100,3990.0,4000.0,3980.0,4000.0,2443400.0,2026-07-09 09:45:00+07:00
1783565400,4000.0,4000.0,3980.0,3990.0,1270800.0,2026-07-09 09:50:00+07:00
1783565700,3990.0,3990.0,3980.0,3990.0,1156600.0,2026-07-09 09:55:00+07:00
1783566000,3990.0,4000.0,3990.0,3990.0,558000.0,2026-07-09 10:00:00+07:00
1783566300,4000.0,4000.0,3990.0,4000.0,1160500.0,2026-07-09 10:05:00+07:00
1783566600,4000.0,4000.0,3990.0,3990.0,1009500.0,2026-07-09 10:10:00+07:00
1783566900,3990.0,4000.0,3990.0,3990.0,410800.0,2026-07-09 10:15:00+07:00
1783567200,3990.0,4000.0,3990.0,4000.0,823700.0,2026-07-09 10:20:00+07:00
1783567500,4000.0,4010.0,3990.0,4010.0,1845800.0,2026-07-09 10:25:00+07:00
1783567800,4010.0,4010.0,4000.0,4010.0,298300.0,2026-07-09 10:30:00+07:00
1783568100,4000.0,4010.0,4000.0,4000.0,468100.0,2026-07-09 10:35:00+07:00
1783568400,4000.0,4020.0,4000.0,4010.0,1410600.0,2026-07-09 10:40:00+07:00
1783568700,4010.0,4020.0,4010.0,4010.0,112500.0,2026-07-09 10:45:00+07:00
1783569000,4010.0,4020.0,4010.0,4010.0,575000.0,2026-07-09 10:50:00+07:00
1783569300,4020.0,4020.0,4000.0,4010.0,1097700.0,2026-07-09 10:55:00+07:00
1783569600,4000.0,4010.0,3990.0,3990.0,1482000.0,2026-07-09 11:00:00+07:00
1783569900,3990.0,4000.0,3990.0,4000.0,200400.0,2026-07-09 11:05:00+07:00
1783570200,4000.0,4000.0,3990.0,4000.0,492700.0,2026-07-09 11:10:00+07:00
1783570500,3990.0,4000.0,3990.0,3990.0,189700.0,2026-07-09 11:15:00+07:00
1783570800,3990.0,4000.0,3990.0,4000.0,183000.0,2026-07-09 11:20:00+07:00
1783571100,4000.0,4010.0,3990.0,4000.0,2328300.0,2026-07-09 11:25:00+07:00
1783571400,4000.0,4010.0,4000.0,4010.0,265000.0,2026-07-09 11:30:00+07:00
1783571700,4010.0,4010.0,4000.0,4010.0,529300.0,2026-07-09 11:35:00+07:00
1783572000,4010.0,4010.0,4000.0,4000.0,390400.0,2026-07-09 11:40:00+07:00
1783572300,4010.0,4010.0,4000.0,4010.0,183700.0,2026-07-09 11:45:00+07:00
1783572600,4010.0,4010.0,4000.0,4010.0,1272300.0,2026-07-09 11:50:00+07:00
1783572900,4000.0,4010.0,4000.0,4000.0,411900.0,2026-07-09 11:55:00+07:00
1783578600,4010.0,4010.0,4000.0,4010.0,1492500.0,2026-07-09 13:30:00+07:00
1783578900,4000.0,4010.0,4000.0,4010.0,660500.0,2026-07-09 13:35:00+07:00
1783579200,4010.0,4020.0,4000.0,4010.0,2338600.0,2026-07-09 13:40:00+07:00
1783579500,4010.0,4020.0,4010.0,4010.0,787000.0,2026-07-09 13:45:00+07:00
1783579800,4010.0,4010.0,4000.0,4000.0,585700.0,2026-07-09 13:50:00+07:00
1783580100,4010.0,4010.0,4000.0,4000.0,649600.0,2026-07-09 13:55:00+07:00
1783580400,4010.0,4010.0,4000.0,4000.0,223200.0,2026-07-09 14:00:00+07:00
1783580700,4000.0,4010.0,4000.0,4000.0,236100.0,2026-07-09 14:05:00+07:00
1783581000,4010.0,4010.0,3990.0,3990.0,1420700.0,2026-07-09 14:10:00+07:00
1783581300,3990.0,4000.0,3990.0,3990.0,269100.0,2026-07-09 14:15:00+07:00
1783581600,4000.0,4000.0,3990.0,4000.0,490700.0,2026-07-09 14:20:00+07:00
1783581900,4000.0,4000.0,3990.0,4000.0,236600.0,2026-07-09 14:25:00+07:00
1783582200,4000.0,4000.0,3990.0,3990.0,585500.0,2026-07-09 14:30:00+07:00
1783582500,4000.0,4000.0,3990.0,4000.0,590500.0,2026-07-09 14:35:00+07:00
1783582800,3990.0,4000.0,3990.0,3990.0,1136900.0,2026-07-09 14:40:00+07:00
1783583100,4000.0,4000.0,3990.0,4000.0,235000.0,2026-07-09 14:45:00+07:00
1783583400,4000.0,4000.0,3990.0,3990.0,1240700.0,2026-07-09 14:50:00+07:00
1783583700,3990.0,4000.0,3990.0,4000.0,454000.0,2026-07-09 14:55:00+07:00
1783584000,4000.0,4000.0,3990.0,4000.0,565000.0,2026-07-09 15:00:00+07:00
1783584300,4000.0,4000.0,3990.0,3990.0,500400.0,2026-07-09 15:05:00+07:00
1783584600,3990.0,4000.0,3990.0,3990.0,365400.0,2026-07-09 15:10:00+07:00
1783584900,3990.0,4000.0,3990.0,4000.0,1225800.0,2026-07-09 15:15:00+07:00
1783585200,3990.0,4000.0,3990.0,3990.0,1307600.0,2026-07-09 15:20:00+07:00
1783585500,3990.0,4000.0,3990.0,4000.0,1369600.0,2026-07-09 15:25:00+07:00
1783585800,3990.0,4000.0,3990.0,3990.0,457700.0,2026-07-09 15:30:00+07:00
1783586100,3990.0,4000.0,3990.0,4000.0,4506100.0,2026-07-09 15:35:00+07:00
1783586400,3990.0,4000.0,3990.0,4000.0,2524200.0,2026-07-09 15:40:00+07:00
1783586700,3990.0,4000.0,3990.0,4000.0,1745500.0,2026-07-09 15:45:00+07:00
1783587600,4040.0,4040.0,4040.0,4040.0,26888400.0,2026-07-09 16:00:00+07:00
1783587900,4040.0,4040.0,4040.0,4040.0,108300.0,2026-07-09 16:05:00+07:00
1783588200,4040.0,4040.0,4040.0,4040.0,24300.0,2026-07-09 16:10:00+07:00
1783648800,4040.0,4060.0,4040.0,4050.0,0.0,2026-07-10 09:00:00+07:00
1783649100,4050.0,4070.0,4010.0,4040.0,4053700.0,2026-07-10 09:05:00+07:00
1783649400,4040.0,4040.0,4010.0,4030.0,1984500.0,2026-07-10 09:10:00+07:00
1783649700,4030.0,4030.0,4020.0,4020.0,652800.0,2026-07-10 09:15:00+07:00
1783650000,4030.0,4040.0,4020.0,4030.0,1201100.0,2026-07-10 09:20:00+07:00
1783650300,4030.0,4040.0,4010.0,4020.0,2738400.0,2026-07-10 09:25:00+07:00
1783650600,4010.0,4030.0,4010.0,4030.0,452900.0,2026-07-10 09:30:00+07:00
1783650900,4030.0,4030.0,4010.0,4020.0,746200.0,2026-07-10 09:35:00+07:00
1783651200,4020.0,4030.0,4010.0,4010.0,542000.0,2026-07-10 09:40:00+07:00
1783651500,4020.0,4030.0,4010.0,4020.0,738700.0,2026-07-10 09:45:00+07:00
1783651800,4030.0,4030.0,4020.0,4020.0,108700.0,2026-07-10 09:50:00+07:00
1783652100,4020.0,4030.0,4020.0,4030.0,342500.0,2026-07-10 09:55:00+07:00
1783652400,4020.0,4030.0,4020.0,4030.0,407100.0,2026-07-10 10:00:00+07:00
1783652700,4030.0,4030.0,4020.0,4030.0,417400.0,2026-07-10 10:05:00+07:00
1783653000,4030.0,4040.0,4010.0,4030.0,1883600.0,2026-07-10 10:10:00+07:00
1783653300,4020.0,4030.0,4020.0,4030.0,885500.0,2026-07-10 10:15:00+07:00
1783653600,4020.0,4050.0,4020.0,4040.0,1422500.0,2026-07-10 10:20:00+07:00
1783653900,4040.0,4060.0,4040.0,4060.0,2421400.0,2026-07-10 10:25:00+07:00
1783654200,4060.0,4060.0,4050.0,4060.0,266900.0,2026-07-10 10:30:00+07:00
1783654500,4060.0,4060.0,4050.0,4060.0,333200.0,2026-07-10 10:35:00+07:00
1783654800,4060.0,4060.0,4050.0,4050.0,505600.0,2026-07-10 10:40:00+07:00
1783655100,4060.0,4060.0,4050.0,4050.0,1552300.0,2026-07-10 10:45:00+07:00
1783655400,4050.0,4060.0,4050.0,4060.0,477500.0,2026-07-10 10:50:00+07:00
1783655700,4060.0,4060.0,4050.0,4050.0,598300.0,2026-07-10 10:55:00+07:00
1783656000,4050.0,4060.0,4040.0,4050.0,1558000.0,2026-07-10 11:00:00+07:00
1783656300,4050.0,4050.0,4040.0,4050.0,474300.0,2026-07-10 11:05:00+07:00
1783656600,4040.0,4050.0,4040.0,4050.0,1724700.0,2026-07-10 11:10:00+07:00
1783656900,4050.0,4050.0,4040.0,4050.0,502400.0,2026-07-10 11:15:00+07:00
1783657200,4040.0,4050.0,4040.0,4040.0,584800.0,2026-07-10 11:20:00+07:00
1783657500,4050.0,4050.0,4040.0,4040.0,327300.0,2026-07-10 11:25:00+07:00
1783666800,4040.0,4060.0,4040.0,4050.0,2109900.0,2026-07-10 14:00:00+07:00
1783667100,4060.0,4060.0,4050.0,4050.0,809800.0,2026-07-10 14:05:00+07:00
1783667400,4050.0,4060.0,4050.0,4060.0,569000.0,2026-07-10 14:10:00+07:00
1783667700,4050.0,4060.0,4050.0,4060.0,541000.0,2026-07-10 14:15:00+07:00
1783668000,4060.0,4060.0,4040.0,4040.0,2779300.0,2026-07-10 14:20:00+07:00
1783668300,4050.0,4050.0,4040.0,4040.0,179600.0,2026-07-10 14:25:00+07:00
1783668600,4040.0,4050.0,4040.0,4040.0,304800.0,2026-07-10 14:30:00+07:00
1783668900,4040.0,4050.0,4040.0,4050.0,386500.0,2026-07-10 14:35:00+07:00
1783669200,4050.0,4050.0,4040.0,4040.0,276800.0,2026-07-10 14:40:00+07:00
1783669500,4050.0,4050.0,4040.0,4050.0,649500.0,2026-07-10 14:45:00+07:00
1783669800,4050.0,4050.0,4040.0,4050.0,427300.0,2026-07-10 14:50:00+07:00
1783670100,4040.0,4050.0,4040.0,4050.0,776300.0,2026-07-10 14:55:00+07:00
1783670400,4050.0,4050.0,4040.0,4050.0,502300.0,2026-07-10 15:00:00+07:00
1783670700,4050.0,4050.0,4040.0,4050.0,483200.0,2026-07-10 15:05:00+07:00
1783671000,4050.0,4050.0,4040.0,4050.0,632500.0,2026-07-10 15:10:00+07:00
1783671300,4050.0,4050.0,4040.0,4050.0,743900.0,2026-07-10 15:15:00+07:00
1783671600,4050.0,4050.0,4040.0,4040.0,684200.0,2026-07-10 15:20:00+07:00
1783671900,4050.0,4050.0,4040.0,4050.0,720700.0,2026-07-10 15:25:00+07:00
1783672200,4040.0,4050.0,4040.0,4050.0,779300.0,2026-07-10 15:30:00+07:00
1783672500,4050.0,4050.0,4040.0,4050.0,915300.0,2026-07-10 15:35:00+07:00
1783672800,4050.0,4050.0,4040.0,4050.0,1459500.0,2026-07-10 15:40:00+07:00
1783673100,4040.0,4050.0,4040.0,4050.0,1850800.0,2026-07-10 15:45:00+07:00
1783674000,4080.0,4080.0,4080.0,4080.0,19770500.0,2026-07-10 16:00:00+07:00
1783674300,4080.0,4080.0,4080.0,4080.0,49400.0,2026-07-10 16:05:00+07:00
1783674600,4080.0,4080.0,4080.0,4080.0,51100.0,2026-07-10 16:10:00+07:00
1783908000,4070.0,4070.0,4020.0,4040.0,0.0,2026-07-13 09:00:00+07:00
1783908300,4040.0,4060.0,4030.0,4060.0,2348000.0,2026-07-13 09:05:00+07:00
1783908600,4060.0,4070.0,4050.0,4070.0,1256400.0,2026-07-13 09:10:00+07:00
1783908900,4070.0,4070.0,4050.0,4070.0,1955800.0,2026-07-13 09:15:00+07:00
1783909200,4060.0,4070.0,4050.0,4070.0,1215000.0,2026-07-13 09:20:00+07:00
1783909500,4070.0,4100.0,4060.0,4100.0,3650300.0,2026-07-13 09:25:00+07:00
1783909800,4100.0,4110.0,4090.0,4100.0,4364500.0,2026-07-13 09:30:00+07:00
1783910100,4110.0,4110.0,4100.0,4100.0,795000.0,2026-07-13 09:35:00+07:00
1783910400,4110.0,4120.0,4100.0,4100.0,3872800.0,2026-07-13 09:40:00+07:00
1783910700,4100.0,4100.0,4080.0,4090.0,1831100.0,2026-07-13 09:45:00+07:00
1783911000,4090.0,4090.0,4080.0,4080.0,762000.0,2026-07-13 09:50:00+07:00
1783911300,4080.0,4090.0,4080.0,4090.0,750900.0,2026-07-13 09:55:00+07:00
1783911600,4080.0,4090.0,4080.0,4090.0,861800.0,2026-07-13 10:00:00+07:00
1783911900,4090.0,4090.0,4070.0,4080.0,1850600.0,2026-07-13 10:05:00+07:00
1783912200,4070.0,4080.0,4070.0,4070.0,1324100.0,2026-07-13 10:10:00+07:00
1783912500,4070.0,4080.0,4070.0,4070.0,112200.0,2026-07-13 10:15:00+07:00
1783912800,4070.0,4080.0,4070.0,4080.0,214100.0,2026-07-13 10:20:00+07:00
1783913100,4070.0,4080.0,4070.0,4080.0,516200.0,2026-07-13 10:25:00+07:00
1783913400,4070.0,4080.0,4070.0,4080.0,187200.0,2026-07-13 10:30:00+07:00
1783913700,4080.0,4080.0,4070.0,4070.0,349800.0,2026-07-13 10:35:00+07:00
1783914000,4080.0,4080.0,4070.0,4070.0,477900.0,2026-07-13 10:40:00+07:00
1783914300,4080.0,4080.0,4060.0,4070.0,1578000.0,2026-07-13 10:45:00+07:00
1783914600,4070.0,4070.0,4060.0,4060.0,186300.0,2026-07-13 10:50:00+07:00
1783914900,4070.0,4070.0,4060.0,4070.0,322800.0,2026-07-13 10:55:00+07:00
1783915200,4060.0,4070.0,4060.0,4060.0,1945900.0,2026-07-13 11:00:00+07:00
1783915500,4060.0,4070.0,4060.0,4070.0,382300.0,2026-07-13 11:05:00+07:00
1783915800,4060.0,4070.0,4060.0,4070.0,300200.0,2026-07-13 11:10:00+07:00
1783916100,4060.0,4070.0,4060.0,4070.0,279400.0,2026-07-13 11:15:00+07:00
1783916400,4070.0,4080.0,4060.0,4080.0,1628100.0,2026-07-13 11:20:00+07:00
1783916700,4080.0,4090.0,4070.0,4090.0,592000.0,2026-07-13 11:25:00+07:00
1783917000,4080.0,4090.0,4080.0,4090.0,127100.0,2026-07-13 11:30:00+07:00
1783917300,4090.0,4090.0,4080.0,4080.0,267300.0,2026-07-13 11:35:00+07:00
1783917600,4090.0,4090.0,4080.0,4080.0,282300.0,2026-07-13 11:40:00+07:00
1783917900,4090.0,4090.0,4080.0,4080.0,472100.0,2026-07-13 11:45:00+07:00
1783918200,4090.0,4090.0,4080.0,4090.0,451400.0,2026-07-13 11:50:00+07:00
1783918500,4080.0,4090.0,4080.0,4090.0,339300.0,2026-07-13 11:55:00+07:00
1783924200,4080.0,4090.0,4080.0,4080.0,846300.0,2026-07-13 13:30:00+07:00
1783924500,4080.0,4090.0,4080.0,4090.0,344800.0,2026-07-13 13:35:00+07:00
1783924800,4090.0,4090.0,4080.0,4090.0,451000.0,2026-07-13 13:40:00+07:00
1783925100,4080.0,4090.0,4080.0,4090.0,565800.0,2026-07-13 13:45:00+07:00
1783925400,4090.0,4090.0,4080.0,4080.0,243100.0,2026-07-13 13:50:00+07:00
1783925700,4080.0,4090.0,4070.0,4080.0,1721100.0,2026-07-13 13:55:00+07:00
1783926000,4070.0,4090.0,4070.0,4080.0,1720800.0,2026-07-13 14:00:00+07:00
1783926300,4090.0,4090.0,4080.0,4080.0,263500.0,2026-07-13 14:05:00+07:00
1783926600,4080.0,4090.0,4080.0,4090.0,235900.0,2026-07-13 14:10:00+07:00
1783926900,4080.0,4090.0,4080.0,4080.0,1471900.0,2026-07-13 14:15:00+07:00
1783927200,4090.0,4090.0,4080.0,4090.0,213500.0,2026-07-13 14:20:00+07:00
1783927500,4080.0,4090.0,4080.0,4090.0,1033000.0,2026-07-13 14:25:00+07:00
1783927800,4090.0,4090.0,4080.0,4080.0,483200.0,2026-07-13 14:30:00+07:00
1783928100,4080.0,4090.0,4080.0,4080.0,758700.0,2026-07-13 14:35:00+07:00
1783928400,4080.0,4090.0,4080.0,4080.0,455100.0,2026-07-13 14:40:00+07:00
1783928700,4080.0,4090.0,4080.0,4090.0,306700.0,2026-07-13 14:45:00+07:00
1783929000,4080.0,4090.0,4080.0,4090.0,967900.0,2026-07-13 14:50:00+07:00
1783929300,4090.0,4090.0,4080.0,4090.0,278000.0,2026-07-13 14:55:00+07:00
1783929600,4090.0,4090.0,4080.0,4080.0,422100.0,2026-07-13 15:00:00+07:00
1783929900,4080.0,4090.0,4080.0,4080.0,289900.0,2026-07-13 15:05:00+07:00
1783930200,4090.0,4090.0,4080.0,4080.0,395500.0,2026-07-13 15:10:00+07:00
1783930500,4090.0,4090.0,4080.0,4090.0,2239600.0,2026-07-13 15:15:00+07:00
1783930800,4090.0,4090.0,4080.0,4090.0,607200.0,2026-07-13 15:20:00+07:00
1783931100,4090.0,4100.0,4080.0,4100.0,1507400.0,2026-07-13 15:25:00+07:00
1783931400,4090.0,4100.0,4090.0,4100.0,589300.0,2026-07-13 15:30:00+07:00
1783931700,4090.0,4100.0,4090.0,4090.0,862700.0,2026-07-13 15:35:00+07:00
1783932000,4100.0,4200.0,4090.0,4170.0,20763100.0,2026-07-13 15:40:00+07:00
1783932300,4180.0,4260.0,4170.0,4250.0,24163000.0,2026-07-13 15:45:00+07:00
1783933200,4250.0,4250.0,4250.0,4250.0,29672200.0,2026-07-13 16:00:00+07:00
1783933500,4250.0,4250.0,4250.0,4250.0,735200.0,2026-07-13 16:05:00+07:00
1783933800,4250.0,4250.0,4250.0,4250.0,491900.0,2026-07-13 16:10:00+07:00
1783994400,4260.0,4260.0,4160.0,4160.0,0.0,2026-07-14 09:00:00+07:00
1783994700,4160.0,4180.0,4160.0,4180.0,5937700.0,2026-07-14 09:05:00+07:00
1783995000,4180.0,4180.0,4130.0,4130.0,11508400.0,2026-07-14 09:10:00+07:00
1783995300,4130.0,4170.0,4130.0,4160.0,2921400.0,2026-07-14 09:15:00+07:00
1783995600,4170.0,4170.0,4150.0,4160.0,1753200.0,2026-07-14 09:20:00+07:00
1783995900,4160.0,4180.0,4150.0,4180.0,4826500.0,2026-07-14 09:25:00+07:00
1783996200,4180.0,4190.0,4170.0,4190.0,1498400.0,2026-07-14 09:30:00+07:00
1783996500,4190.0,4190.0,4180.0,4190.0,1087700.0,2026-07-14 09:35:00+07:00
1783996800,4190.0,4190.0,4180.0,4190.0,3642400.0,2026-07-14 09:40:00+07:00
1783997100,4190.0,4190.0,4170.0,4170.0,3040900.0,2026-07-14 09:45:00+07:00
1783997400,4170.0,4180.0,4170.0,4180.0,776400.0,2026-07-14 09:50:00+07:00
1783997700,4180.0,4180.0,4170.0,4170.0,975600.0,2026-07-14 09:55:00+07:00
1783998000,4180.0,4180.0,4170.0,4180.0,1063300.0,2026-07-14 10:00:00+07:00
1783998300,4180.0,4180.0,4170.0,4170.0,1149700.0,2026-07-14 10:05:00+07:00
1783998600,4170.0,4180.0,4150.0,4160.0,4245900.0,2026-07-14 10:10:00+07:00
1783998900,4160.0,4160.0,4150.0,4160.0,712600.0,2026-07-14 10:15:00+07:00
1783999200,4150.0,4160.0,4150.0,4160.0,748600.0,2026-07-14 10:20:00+07:00
1783999500,4160.0,4170.0,4150.0,4170.0,2676600.0,2026-07-14 10:25:00+07:00
1783999800,4170.0,4230.0,4160.0,4220.0,9630200.0,2026-07-14 10:30:00+07:00
1784000100,4210.0,4220.0,4190.0,4190.0,1478200.0,2026-07-14 10:35:00+07:00
1784000400,4190.0,4200.0,4180.0,4190.0,2166900.0,2026-07-14 10:40:00+07:00
1784000700,4180.0,4210.0,4180.0,4200.0,3538400.0,2026-07-14 10:45:00+07:00
1784001000,4200.0,4200.0,4190.0,4200.0,1314800.0,2026-07-14 10:50:00+07:00
1784001300,4190.0,4200.0,4190.0,4200.0,3103000.0,2026-07-14 10:55:00+07:00
1784001600,4200.0,4210.0,4180.0,4190.0,4923800.0,2026-07-14 11:00:00+07:00
1784001900,4190.0,4200.0,4190.0,4190.0,630100.0,2026-07-14 11:05:00+07:00
1784002200,4200.0,4200.0,4180.0,4190.0,2316800.0,2026-07-14 11:10:00+07:00
1784002500,4190.0,4190.0,4180.0,4190.0,555400.0,2026-07-14 11:15:00+07:00
1784002800,4190.0,4190.0,4170.0,4170.0,4145300.0,2026-07-14 11:20:00+07:00
1784003100,4170.0,4180.0,4170.0,4180.0,767900.0,2026-07-14 11:25:00+07:00
1784003400,4180.0,4190.0,4170.0,4190.0,1814600.0,2026-07-14 11:30:00+07:00
1784003700,4180.0,4190.0,4180.0,4180.0,120700.0,2026-07-14 11:35:00+07:00
1784004000,4190.0,4190.0,4180.0,4190.0,159000.0,2026-07-14 11:40:00+07:00
1784004300,4190.0,4200.0,4180.0,4180.0,2411700.0,2026-07-14 11:45:00+07:00
1784004600,4190.0,4190.0,4180.0,4190.0,157000.0,2026-07-14 11:50:00+07:00
1784004900,4190.0,4190.0,4180.0,4190.0,436400.0,2026-07-14 11:55:00+07:00
1784010600,4190.0,4220.0,4180.0,4190.0,6670500.0,2026-07-14 13:30:00+07:00
1784010900,4190.0,4190.0,4180.0,4180.0,343700.0,2026-07-14 13:35:00+07:00
1784011200,4190.0,4190.0,4180.0,4190.0,645200.0,2026-07-14 13:40:00+07:00
1784011500,4190.0,4190.0,4180.0,4190.0,931600.0,2026-07-14 13:45:00+07:00
1784011800,4190.0,4190.0,4180.0,4190.0,735500.0,2026-07-14 13:50:00+07:00
1784012100,4190.0,4190.0,4180.0,4190.0,1104300.0,2026-07-14 13:55:00+07:00
1784012400,4190.0,4190.0,4180.0,4190.0,602300.0,2026-07-14 14:00:00+07:00
1784012700,4190.0,4190.0,4180.0,4180.0,2188300.0,2026-07-14 14:05:00+07:00
1784013000,4190.0,4190.0,4180.0,4190.0,915600.0,2026-07-14 14:10:00+07:00
1784013300,4180.0,4190.0,4180.0,4180.0,642000.0,2026-07-14 14:15:00+07:00
1784013600,4190.0,4190.0,4170.0,4170.0,2250100.0,2026-07-14 14:20:00+07:00
1784013900,4170.0,4180.0,4170.0,4180.0,889400.0,2026-07-14 14:25:00+07:00
1784014200,4170.0,4180.0,4160.0,4160.0,3374300.0,2026-07-14 14:30:00+07:00
1784014500,4170.0,4170.0,4160.0,4170.0,783600.0,2026-07-14 14:35:00+07:00
1784014800,4170.0,4170.0,4160.0,4170.0,595700.0,2026-07-14 14:40:00+07:00
1784015100,4170.0,4170.0,4160.0,4170.0,624600.0,2026-07-14 14:45:00+07:00
1784015400,4160.0,4170.0,4160.0,4170.0,645300.0,2026-07-14 14:50:00+07:00
1784015700,4160.0,4170.0,4160.0,4160.0,806800.0,2026-07-14 14:55:00+07:00
1784016000,4170.0,4170.0,4150.0,4160.0,4338000.0,2026-07-14 15:00:00+07:00
1784016300,4160.0,4160.0,4150.0,4150.0,2372400.0,2026-07-14 15:05:00+07:00
1784016600,4160.0,4160.0,4150.0,4160.0,4635300.0,2026-07-14 15:10:00+07:00
1784016900,4150.0,4160.0,4140.0,4150.0,3267600.0,2026-07-14 15:15:00+07:00
1784017200,4140.0,4150.0,4140.0,4150.0,1075900.0,2026-07-14 15:20:00+07:00
1784017500,4150.0,4150.0,4140.0,4150.0,1414200.0,2026-07-14 15:25:00+07:00
1784017800,4150.0,4170.0,4140.0,4170.0,5566900.0,2026-07-14 15:30:00+07:00
1784018100,4170.0,4170.0,4160.0,4170.0,1130700.0,2026-07-14 15:35:00+07:00
1784018400,4170.0,4170.0,4140.0,4140.0,5898200.0,2026-07-14 15:40:00+07:00
1784018700,4150.0,4150.0,4140.0,4140.0,3174800.0,2026-07-14 15:45:00+07:00
1784019600,4160.0,4160.0,4160.0,4160.0,19189500.0,2026-07-14 16:00:00+07:00
1784019900,4160.0,4160.0,4160.0,4160.0,294100.0,2026-07-14 16:05:00+07:00
1784020200,4160.0,4160.0,4160.0,4160.0,345000.0,2026-07-14 16:10:00+07:00
1784080800,4210.0,4210.0,4170.0,4200.0,0.0,2026-07-15 09:00:00+07:00
1784081100,4200.0,4210.0,4190.0,4200.0,6133600.0,2026-07-15 09:05:00+07:00
1784081400,4200.0,4210.0,4180.0,4190.0,3462100.0,2026-07-15 09:10:00+07:00
1784081700,4190.0,4200.0,4180.0,4200.0,1032200.0,2026-07-15 09:15:00+07:00
1784082000,4200.0,4210.0,4190.0,4200.0,3264600.0,2026-07-15 09:20:00+07:00
1784082300,4200.0,4210.0,4190.0,4200.0,577900.0,2026-07-15 09:25:00+07:00
1784082600,4200.0,4200.0,4190.0,4200.0,620200.0,2026-07-15 09:30:00+07:00
1784082900,4190.0,4200.0,4180.0,4190.0,2469200.0,2026-07-15 09:35:00+07:00
1784083200,4190.0,4200.0,4180.0,4200.0,954100.0,2026-07-15 09:40:00+07:00
1784083500,4190.0,4200.0,4190.0,4190.0,641600.0,2026-07-15 09:45:00+07:00
1784083800,4200.0,4200.0,4190.0,4200.0,731900.0,2026-07-15 09:50:00+07:00
1784084100,4200.0,4200.0,4190.0,4190.0,1120200.0,2026-07-15 09:55:00+07:00
1784084400,4190.0,4200.0,4190.0,4190.0,2345300.0,2026-07-15 10:00:00+07:00
1784084700,4190.0,4220.0,4190.0,4220.0,5822800.0,2026-07-15 10:05:00+07:00
1784085000,4220.0,4220.0,4210.0,4210.0,2241700.0,2026-07-15 10:10:00+07:00
1784085300,4210.0,4240.0,4210.0,4240.0,6789500.0,2026-07-15 10:15:00+07:00
1784085600,4230.0,4250.0,4230.0,4250.0,3485800.0,2026-07-15 10:20:00+07:00
1784085900,4240.0,4250.0,4240.0,4240.0,1249900.0,2026-07-15 10:25:00+07:00
1784086200,4240.0,4250.0,4230.0,4230.0,1993100.0,2026-07-15 10:30:00+07:00
1784086500,4230.0,4240.0,4230.0,4230.0,586400.0,2026-07-15 10:35:00+07:00
1784086800,4230.0,4250.0,4230.0,4240.0,4840300.0,2026-07-15 10:40:00+07:00
1784087100,4240.0,4260.0,4240.0,4260.0,6179100.0,2026-07-15 10:45:00+07:00
1784087400,4250.0,4270.0,4250.0,4260.0,2473400.0,2026-07-15 10:50:00+07:00
1784087700,4260.0,4270.0,4260.0,4260.0,1347500.0,2026-07-15 10:55:00+07:00
1784088000,4260.0,4270.0,4260.0,4260.0,894100.0,2026-07-15 11:00:00+07:00
1784088300,4270.0,4270.0,4250.0,4260.0,1953300.0,2026-07-15 11:05:00+07:00
1784088600,4250.0,4260.0,4250.0,4260.0,845600.0,2026-07-15 11:10:00+07:00
1784088900,4250.0,4260.0,4250.0,4260.0,1687400.0,2026-07-15 11:15:00+07:00
1784089200,4260.0,4260.0,4250.0,4250.0,930000.0,2026-07-15 11:20:00+07:00
1784089500,4250.0,4260.0,4250.0,4250.0,962400.0,2026-07-15 11:25:00+07:00
1784089800,4260.0,4270.0,4250.0,4260.0,1768000.0,2026-07-15 11:30:00+07:00
1784090100,4270.0,4270.0,4260.0,4270.0,1404400.0,2026-07-15 11:35:00+07:00
1784090400,4260.0,4270.0,4260.0,4270.0,1226200.0,2026-07-15 11:40:00+07:00
1784090700,4270.0,4270.0,4250.0,4250.0,2466100.0,2026-07-15 11:45:00+07:00
1784091000,4260.0,4260.0,4250.0,4250.0,603900.0,2026-07-15 11:50:00+07:00
1784091300,4250.0,4260.0,4240.0,4240.0,2037600.0,2026-07-15 11:55:00+07:00
1784097000,4240.0,4260.0,4230.0,4250.0,3790800.0,2026-07-15 13:30:00+07:00
1784097300,4260.0,4260.0,4250.0,4260.0,285000.0,2026-07-15 13:35:00+07:00
1784097600,4260.0,4260.0,4240.0,4240.0,1830200.0,2026-07-15 13:40:00+07:00
1784097900,4240.0,4250.0,4230.0,4230.0,3341800.0,2026-07-15 13:45:00+07:00
1784098200,4230.0,4240.0,4230.0,4240.0,589800.0,2026-07-15 13:50:00+07:00
1784098500,4230.0,4240.0,4230.0,4230.0,682400.0,2026-07-15 13:55:00+07:00
1784098800,4230.0,4240.0,4230.0,4230.0,586700.0,2026-07-15 14:00:00+07:00
1784099100,4230.0,4240.0,4230.0,4230.0,773500.0,2026-07-15 14:05:00+07:00
1784099400,4230.0,4240.0,4210.0,4210.0,3093300.0,2026-07-15 14:10:00+07:00
1784099700,4210.0,4220.0,4210.0,4220.0,752100.0,2026-07-15 14:15:00+07:00
1784100000,4210.0,4220.0,4210.0,4220.0,653100.0,2026-07-15 14:20:00+07:00
1784100300,4210.0,4220.0,4210.0,4220.0,509500.0,2026-07-15 14:25:00+07:00
1784100600,4220.0,4220.0,4200.0,4210.0,3804100.0,2026-07-15 14:30:00+07:00
1784100900,4210.0,4210.0,4200.0,4210.0,609800.0,2026-07-15 14:35:00+07:00
1784101200,4210.0,4210.0,4200.0,4210.0,822300.0,2026-07-15 14:40:00+07:00
1784101500,4210.0,4210.0,4200.0,4210.0,770400.0,2026-07-15 14:45:00+07:00
1784101800,4210.0,4210.0,4200.0,4200.0,656800.0,2026-07-15 14:50:00+07:00
1784102100,4210.0,4210.0,4200.0,4210.0,1541200.0,2026-07-15 14:55:00+07:00
1784102400,4210.0,4210.0,4200.0,4210.0,1031300.0,2026-07-15 15:00:00+07:00
1784102700,4210.0,4220.0,4200.0,4220.0,1303700.0,2026-07-15 15:05:00+07:00
1784103000,4220.0,4220.0,4210.0,4220.0,874100.0,2026-07-15 15:10:00+07:00
1784103300,4210.0,4220.0,4210.0,4210.0,1520600.0,2026-07-15 15:15:00+07:00
1784103600,4210.0,4220.0,4210.0,4220.0,1578500.0,2026-07-15 15:20:00+07:00
1784103900,4210.0,4220.0,4200.0,4210.0,3199900.0,2026-07-15 15:25:00+07:00
1784104200,4210.0,4220.0,4200.0,4220.0,3351200.0,2026-07-15 15:30:00+07:00
1784104500,4210.0,4230.0,4210.0,4230.0,1004700.0,2026-07-15 15:35:00+07:00
1784104800,4230.0,4230.0,4220.0,4220.0,2048500.0,2026-07-15 15:40:00+07:00
1784105100,4220.0,4230.0,4210.0,4220.0,3066400.0,2026-07-15 15:45:00+07:00
1784106000,4200.0,4200.0,4200.0,4200.0,15102900.0,2026-07-15 16:00:00+07:00
1784106300,4200.0,4200.0,4200.0,4200.0,590500.0,2026-07-15 16:05:00+07:00
1784106600,4200.0,4200.0,4200.0,4200.0,53500.0,2026-07-15 16:10:00+07:00
1784167200,4230.0,4270.0,4220.0,4250.0,0.0,2026-07-16 09:00:00+07:00
1784167500,4250.0,4260.0,4250.0,4260.0,471700.0,2026-07-16 09:05:00+07:00
1784167800,4250.0,4260.0,4250.0,4260.0,1513500.0,2026-07-16 09:10:00+07:00
1784168100,4250.0,4260.0,4240.0,4240.0,3731400.0,2026-07-16 09:15:00+07:00
1784168400,4250.0,4260.0,4240.0,4250.0,531400.0,2026-07-16 09:20:00+07:00
1784168700,4250.0,4250.0,4230.0,4240.0,3200400.0,2026-07-16 09:25:00+07:00
1784169000,4250.0,4260.0,4240.0,4240.0,3275300.0,2026-07-16 09:30:00+07:00
1784169300,4240.0,4260.0,4240.0,4250.0,1236200.0,2026-07-16 09:35:00+07:00
1784169600,4250.0,4260.0,4250.0,4260.0,650500.0,2026-07-16 09:40:00+07:00
1784169900,4260.0,4260.0,4250.0,4260.0,844600.0,2026-07-16 09:45:00+07:00
1784170200,4250.0,4260.0,4250.0,4260.0,1207900.0,2026-07-16 09:50:00+07:00
1784170500,4250.0,4260.0,4250.0,4260.0,1151900.0,2026-07-16 09:55:00+07:00
1784170800,4260.0,4270.0,4250.0,4270.0,1965400.0,2026-07-16 10:00:00+07:00
1784171100,4260.0,4270.0,4260.0,4270.0,765500.0,2026-07-16 10:05:00+07:00
1784171400,4270.0,4270.0,4260.0,4260.0,968100.0,2026-07-16 10:10:00+07:00
1784171700,4270.0,4270.0,4260.0,4270.0,606500.0,2026-07-16 10:15:00+07:00
1784172000,4270.0,4270.0,4250.0,4260.0,3766800.0,2026-07-16 10:20:00+07:00
1784172300,4260.0,4260.0,4250.0,4260.0,449200.0,2026-07-16 10:25:00+07:00
1784172600,4260.0,4260.0,4250.0,4260.0,271600.0,2026-07-16 10:30:00+07:00
1784172900,4260.0,4260.0,4250.0,4260.0,740900.0,2026-07-16 10:35:00+07:00
1784173200,4260.0,4260.0,4250.0,4250.0,244500.0,2026-07-16 10:40:00+07:00
1784173500,4260.0,4260.0,4250.0,4260.0,359500.0,2026-07-16 10:45:00+07:00
1784173800,4260.0,4260.0,4250.0,4260.0,315000.0,2026-07-16 10:50:00+07:00
1784174100,4260.0,4260.0,4250.0,4260.0,682900.0,2026-07-16 10:55:00+07:00
1784174400,4250.0,4260.0,4250.0,4250.0,538700.0,2026-07-16 11:00:00+07:00
1784174700,4260.0,4260.0,4250.0,4260.0,368700.0,2026-07-16 11:05:00+07:00
1784175000,4260.0,4260.0,4250.0,4260.0,1139700.0,2026-07-16 11:10:00+07:00
1784175300,4260.0,4270.0,4250.0,4270.0,1613000.0,2026-07-16 11:15:00+07:00
1784175600,4270.0,4270.0,4260.0,4270.0,876200.0,2026-07-16 11:20:00+07:00
1784175900,4270.0,4270.0,4260.0,4260.0,963900.0,2026-07-16 11:25:00+07:00
1784176200,4260.0,4270.0,4260.0,4260.0,461900.0,2026-07-16 11:30:00+07:00
1784176500,4260.0,4270.0,4260.0,4270.0,283100.0,2026-07-16 11:35:00+07:00
1784176800,4270.0,4270.0,4260.0,4260.0,1656100.0,2026-07-16 11:40:00+07:00
1784177100,4260.0,4270.0,4260.0,4260.0,268200.0,2026-07-16 11:45:00+07:00
1784177400,4270.0,4270.0,4260.0,4260.0,597100.0,2026-07-16 11:50:00+07:00
1784177700,4260.0,4270.0,4260.0,4270.0,624700.0,2026-07-16 11:55:00+07:00
1784183400,4260.0,4270.0,4260.0,4270.0,2516000.0,2026-07-16 13:30:00+07:00
1784183700,4270.0,4280.0,4260.0,4280.0,1998100.0,2026-07-16 13:35:00+07:00
1784184000,4280.0,4280.0,4270.0,4280.0,383600.0,2026-07-16 13:40:00+07:00
1784184300,4280.0,4280.0,4270.0,4280.0,585500.0,2026-07-16 13:45:00+07:00
1784184600,4280.0,4280.0,4270.0,4280.0,706400.0,2026-07-16 13:50:00+07:00
1784184900,4270.0,4280.0,4270.0,4270.0,637700.0,2026-07-16 13:55:00+07:00
1784185200,4280.0,4280.0,4270.0,4280.0,1097900.0,2026-07-16 14:00:00+07:00
1784185500,4280.0,4280.0,4270.0,4270.0,1078800.0,2026-07-16 14:05:00+07:00
1784185800,4280.0,4280.0,4270.0,4280.0,740400.0,2026-07-16 14:10:00+07:00
1784186100,4270.0,4290.0,4270.0,4280.0,2795800.0,2026-07-16 14:15:00+07:00
1784186400,4290.0,4290.0,4280.0,4290.0,2516000.0,2026-07-16 14:20:00+07:00
1784186700,4290.0,4300.0,4280.0,4280.0,4141600.0,2026-07-16 14:25:00+07:00
1784187000,4290.0,4290.0,4280.0,4280.0,477400.0,2026-07-16 14:30:00+07:00
1784187300,4280.0,4290.0,4280.0,4290.0,658500.0,2026-07-16 14:35:00+07:00
1784187600,4290.0,4290.0,4280.0,4280.0,487800.0,2026-07-16 14:40:00+07:00
1784187900,4280.0,4290.0,4280.0,4290.0,586700.0,2026-07-16 14:45:00+07:00
1784188200,4280.0,4290.0,4270.0,4280.0,2852200.0,2026-07-16 14:50:00+07:00
1784188500,4270.0,4280.0,4270.0,4270.0,681600.0,2026-07-16 14:55:00+07:00
1784188800,4280.0,4280.0,4270.0,4280.0,874300.0,2026-07-16 15:00:00+07:00
1784189100,4280.0,4280.0,4270.0,4270.0,596900.0,2026-07-16 15:05:00+07:00
1784189400,4280.0,4280.0,4270.0,4270.0,492700.0,2026-07-16 15:10:00+07:00
1784189700,4270.0,4280.0,4270.0,4280.0,831100.0,2026-07-16 15:15:00+07:00
1784190000,4270.0,4290.0,4270.0,4290.0,2111900.0,2026-07-16 15:20:00+07:00
1784190300,4280.0,4290.0,4280.0,4280.0,1416400.0,2026-07-16 15:25:00+07:00
1784190600,4280.0,4290.0,4280.0,4290.0,1022000.0,2026-07-16 15:30:00+07:00
1784190900,4290.0,4290.0,4280.0,4290.0,1721600.0,2026-07-16 15:35:00+07:00
1784191200,4290.0,4300.0,4280.0,4300.0,3190800.0,2026-07-16 15:40:00+07:00
1784191500,4300.0,4300.0,4280.0,4280.0,4503100.0,2026-07-16 15:45:00+07:00
1784192400,4310.0,4310.0,4310.0,4310.0,17464100.0,2026-07-16 16:00:00+07:00
1784192700,4310.0,4310.0,4310.0,4310.0,117100.0,2026-07-16 16:05:00+07:00
1784193000,4310.0,4310.0,4310.0,4310.0,77800.0,2026-07-16 16:10:00+07:00
1784253600,4310.0,4320.0,4270.0,4270.0,0.0,2026-07-17 09:00:00+07:00
1784253900,4270.0,4300.0,4270.0,4300.0,3127100.0,2026-07-17 09:05:00+07:00
1784254200,4300.0,4300.0,4270.0,4280.0,2671300.0,2026-07-17 09:10:00+07:00
1784254500,4280.0,4300.0,4270.0,4300.0,2360000.0,2026-07-17 09:15:00+07:00
1784254800,4290.0,4310.0,4290.0,4300.0,1503200.0,2026-07-17 09:20:00+07:00
1784255100,4310.0,4340.0,4300.0,4340.0,4157700.0,2026-07-17 09:25:00+07:00
1784255400,4340.0,4380.0,4330.0,4370.0,8464400.0,2026-07-17 09:30:00+07:00
1784255700,4370.0,4400.0,4370.0,4390.0,8371000.0,2026-07-17 09:35:00+07:00
1784256000,4390.0,4400.0,4380.0,4390.0,7084600.0,2026-07-17 09:40:00+07:00
1784256300,4380.0,4390.0,4360.0,4370.0,5166300.0,2026-07-17 09:45:00+07:00
1784256600,4370.0,4390.0,4370.0,4390.0,5188700.0,2026-07-17 09:50:00+07:00
1784256900,4390.0,4390.0,4360.0,4370.0,5264800.0,2026-07-17 09:55:00+07:00
1784257200,4370.0,4380.0,4360.0,4370.0,1144200.0,2026-07-17 10:00:00+07:00
1784257500,4380.0,4380.0,4370.0,4370.0,1556900.0,2026-07-17 10:05:00+07:00
1784257800,4370.0,4380.0,4370.0,4380.0,887500.0,2026-07-17 10:10:00+07:00
1784258100,4380.0,4380.0,4370.0,4380.0,460500.0,2026-07-17 10:15:00+07:00
1784258400,4370.0,4380.0,4370.0,4380.0,1099300.0,2026-07-17 10:20:00+07:00
1784258700,4370.0,4380.0,4370.0,4370.0,439300.0,2026-07-17 10:25:00+07:00
1784259000,4380.0,4400.0,4370.0,4390.0,5363800.0,2026-07-17 10:30:00+07:00
1784259300,4400.0,4410.0,4390.0,4410.0,6904600.0,2026-07-17 10:35:00+07:00
1784259600,4410.0,4430.0,4400.0,4420.0,10598000.0,2026-07-17 10:40:00+07:00
1784259900,4420.0,4440.0,4420.0,4420.0,5062400.0,2026-07-17 10:45:00+07:00
1784260200,4430.0,4450.0,4420.0,4440.0,5887700.0,2026-07-17 10:50:00+07:00
1784260500,4440.0,4470.0,4440.0,4460.0,9195900.0,2026-07-17 10:55:00+07:00
1784260800,4450.0,4460.0,4440.0,4450.0,4283500.0,2026-07-17 11:00:00+07:00
1784261100,4440.0,4450.0,4440.0,4450.0,2476300.0,2026-07-17 11:05:00+07:00
1784261400,4440.0,4450.0,4440.0,4450.0,3815300.0,2026-07-17 11:10:00+07:00
1784261700,4450.0,4450.0,4440.0,4440.0,1659300.0,2026-07-17 11:15:00+07:00
1784262000,4450.0,4450.0,4440.0,4440.0,1545600.0,2026-07-17 11:20:00+07:00
1784262300,4440.0,4450.0,4440.0,4450.0,1851900.0,2026-07-17 11:25:00+07:00
1784271600,4440.0,4460.0,4440.0,4450.0,11228600.0,2026-07-17 14:00:00+07:00
1784271900,4460.0,4460.0,4450.0,4460.0,1654600.0,2026-07-17 14:05:00+07:00
1784272200,4460.0,4460.0,4450.0,4460.0,1388200.0,2026-07-17 14:10:00+07:00
1784272500,4460.0,4470.0,4450.0,4470.0,9413900.0,2026-07-17 14:15:00+07:00
1784272800,4470.0,4470.0,4460.0,4470.0,3166800.0,2026-07-17 14:20:00+07:00
1784273100,4470.0,4470.0,4460.0,4460.0,3320500.0,2026-07-17 14:25:00+07:00
1784273400,4460.0,4470.0,4460.0,4470.0,2631500.0,2026-07-17 14:30:00+07:00
1784273700,4470.0,4470.0,4460.0,4460.0,2283200.0,2026-07-17 14:35:00+07:00
1784274000,4470.0,4470.0,4460.0,4470.0,3183500.0,2026-07-17 14:40:00+07:00
1784274300,4460.0,4480.0,4460.0,4480.0,8915200.0,2026-07-17 14:45:00+07:00
1784274600,4480.0,4480.0,4470.0,4480.0,2227000.0,2026-07-17 14:50:00+07:00
1784274900,4480.0,4490.0,4470.0,4480.0,16467400.0,2026-07-17 14:55:00+07:00
1784275200,4480.0,4480.0,4470.0,4470.0,1950900.0,2026-07-17 15:00:00+07:00
1784275500,4480.0,4480.0,4470.0,4480.0,2587600.0,2026-07-17 15:05:00+07:00
1784275800,4480.0,4480.0,4470.0,4470.0,2085800.0,2026-07-17 15:10:00+07:00
1784276100,4470.0,4480.0,4470.0,4480.0,2098600.0,2026-07-17 15:15:00+07:00
1784276400,4480.0,4480.0,4470.0,4480.0,2083600.0,2026-07-17 15:20:00+07:00
1784276700,4470.0,4480.0,4470.0,4480.0,3043500.0,2026-07-17 15:25:00+07:00
1784277000,4470.0,4480.0,4470.0,4480.0,1604100.0,2026-07-17 15:30:00+07:00
1784277300,4480.0,4480.0,4470.0,4470.0,10580700.0,2026-07-17 15:35:00+07:00
1784277600,4480.0,4490.0,4470.0,4490.0,9486200.0,2026-07-17 15:40:00+07:00
1784277900,4480.0,4490.0,4480.0,4480.0,9820700.0,2026-07-17 15:45:00+07:00
1784278800,4480.0,4480.0,4480.0,4480.0,24484500.0,2026-07-17 16:00:00+07:00
1784279100,4480.0,4480.0,4480.0,4480.0,198600.0,2026-07-17 16:05:00+07:00
1784279400,4480.0,4480.0,4480.0,4480.0,47600.0,2026-07-17 16:10:00+07:00
1784512800,4480.0,4490.0,4440.0,4480.0,0.0,2026-07-20 09:00:00+07:00
1784513100,4480.0,4480.0,4450.0,4470.0,10264400.0,2026-07-20 09:05:00+07:00
1784513400,4470.0,4520.0,4470.0,4500.0,22951900.0,2026-07-20 09:10:00+07:00
1784513700,4500.0,4500.0,4460.0,4490.0,11824300.0,2026-07-20 09:15:00+07:00
1784514000,4480.0,4490.0,4470.0,4480.0,6059000.0,2026-07-20 09:20:00+07:00
1784514300,4480.0,4500.0,4480.0,4490.0,2779200.0,2026-07-20 09:25:00+07:00
1784514600,4490.0,4500.0,4480.0,4490.0,3614200.0,2026-07-20 09:30:00+07:00
1784514900,4490.0,4500.0,4490.0,4500.0,2098000.0,2026-07-20 09:35:00+07:00
1784515200,4500.0,4500.0,4490.0,4500.0,2524300.0,2026-07-20 09:40:00+07:00
1784515500,4500.0,4500.0,4490.0,4500.0,1765800.0,2026-07-20 09:45:00+07:00
1784515800,4500.0,4500.0,4480.0,4490.0,2437500.0,2026-07-20 09:50:00+07:00
1784516100,4480.0,4490.0,4480.0,4490.0,1116300.0,2026-07-20 09:55:00+07:00
1784516400,4490.0,4490.0,4480.0,4480.0,1209900.0,2026-07-20 10:00:00+07:00
1784516700,4490.0,4490.0,4480.0,4490.0,1367300.0,2026-07-20 10:05:00+07:00
1784517000,4490.0,4490.0,4470.0,4480.0,5956000.0,2026-07-20 10:10:00+07:00
1784517300,4480.0,4480.0,4470.0,4480.0,894700.0,2026-07-20 10:15:00+07:00
1784517600,4480.0,4480.0,4470.0,4470.0,897400.0,2026-07-20 10:20:00+07:00
1784517900,4480.0,4480.0,4470.0,4480.0,1119600.0,2026-07-20 10:25:00+07:00
1784518200,4480.0,4480.0,4470.0,4480.0,866100.0,2026-07-20 10:30:00+07:00
1784518500,4480.0,4480.0,4470.0,4480.0,1214100.0,2026-07-20 10:35:00+07:00
1784518800,4480.0,4480.0,4470.0,4470.0,559100.0,2026-07-20 10:40:00+07:00
1784519100,4480.0,4480.0,4470.0,4480.0,1031300.0,2026-07-20 10:45:00+07:00
1784519400,4470.0,4480.0,4470.0,4470.0,917700.0,2026-07-20 10:50:00+07:00
1784519700,4480.0,4480.0,4470.0,4470.0,974900.0,2026-07-20 10:55:00+07:00
1784520000,4470.0,4480.0,4470.0,4480.0,1151300.0,2026-07-20 11:00:00+07:00
1784520300,4480.0,4480.0,4470.0,4470.0,1310900.0,2026-07-20 11:05:00+07:00
1784520600,4470.0,4480.0,4450.0,4450.0,9865600.0,2026-07-20 11:10:00+07:00
1784520900,4460.0,4460.0,4450.0,4460.0,1292400.0,2026-07-20 11:15:00+07:00
1784521200,4460.0,4470.0,4450.0,4470.0,2784000.0,2026-07-20 11:20:00+07:00
1784521500,4460.0,4470.0,4460.0,4470.0,376100.0,2026-07-20 11:25:00+07:00
1784521800,4460.0,4470.0,4460.0,4470.0,294500.0,2026-07-20 11:30:00+07:00
1784522100,4460.0,4470.0,4460.0,4470.0,332000.0,2026-07-20 11:35:00+07:00
1784522400,4470.0,4470.0,4460.0,4470.0,680400.0,2026-07-20 11:40:00+07:00
1784522700,4470.0,4470.0,4460.0,4470.0,951300.0,2026-07-20 11:45:00+07:00
1784523000,4460.0,4470.0,4460.0,4470.0,1293100.0,2026-07-20 11:50:00+07:00
1784523300,4470.0,4470.0,4460.0,4460.0,1188100.0,2026-07-20 11:55:00+07:00
1784529000,4460.0,4470.0,4460.0,4460.0,2530800.0,2026-07-20 13:30:00+07:00
1784529300,4460.0,4470.0,4460.0,4460.0,801000.0,2026-07-20 13:35:00+07:00
1784529600,4460.0,4470.0,4460.0,4470.0,1001800.0,2026-07-20 13:40:00+07:00
1784529900,4460.0,4470.0,4460.0,4460.0,1275900.0,2026-07-20 13:45:00+07:00
1784530200,4470.0,4470.0,4460.0,4470.0,639700.0,2026-07-20 13:50:00+07:00
1784530500,4460.0,4470.0,4460.0,4470.0,668800.0,2026-07-20 13:55:00+07:00
1784530800,4460.0,4470.0,4450.0,4460.0,4728800.0,2026-07-20 14:00:00+07:00
1784531100,4450.0,4470.0,4450.0,4470.0,2421500.0,2026-07-20 14:05:00+07:00
1784531400,4470.0,4470.0,4460.0,4460.0,2869600.0,2026-07-20 14:10:00+07:00
1784531700,4460.0,4470.0,4460.0,4470.0,1389200.0,2026-07-20 14:15:00+07:00
1784532000,4470.0,4470.0,4460.0,4460.0,1194000.0,2026-07-20 14:20:00+07:00
1784532300,4460.0,4470.0,4450.0,4460.0,1241300.0,2026-07-20 14:25:00+07:00
1784532600,4450.0,4460.0,4450.0,4460.0,780000.0,2026-07-20 14:30:00+07:00
1784532900,4460.0,4460.0,4450.0,4450.0,1083400.0,2026-07-20 14:35:00+07:00
1784533200,4460.0,4460.0,4450.0,4460.0,1296700.0,2026-07-20 14:40:00+07:00
1784533500,4460.0,4460.0,4450.0,4460.0,1463500.0,2026-07-20 14:45:00+07:00
1784533800,4450.0,4460.0,4450.0,4450.0,1143700.0,2026-07-20 14:50:00+07:00
1784534100,4450.0,4460.0,4450.0,4460.0,1206500.0,2026-07-20 14:55:00+07:00
1784534400,4460.0,4460.0,4450.0,4460.0,1019200.0,2026-07-20 15:00:00+07:00
1784534700,4460.0,4460.0,4450.0,4450.0,4708400.0,2026-07-20 15:05:00+07:00
1784535000,4450.0,4460.0,4440.0,4440.0,2591000.0,2026-07-20 15:10:00+07:00
1784535300,4450.0,4450.0,4440.0,4440.0,1104500.0,2026-07-20 15:15:00+07:00
1784535600,4440.0,4450.0,4440.0,4450.0,1798600.0,2026-07-20 15:20:00+07:00
1784535900,4450.0,4450.0,4430.0,4430.0,5869800.0,2026-07-20 15:25:00+07:00
1784536200,4430.0,4440.0,4430.0,4430.0,1694400.0,2026-07-20 15:30:00+07:00
1784536500,4440.0,4440.0,4430.0,4430.0,2869300.0,2026-07-20 15:35:00+07:00
1784536800,4440.0,4440.0,4430.0,4430.0,6794700.0,2026-07-20 15:40:00+07:00
1784537100,4430.0,4440.0,4420.0,4430.0,4986700.0,2026-07-20 15:45:00+07:00
1784538000,4450.0,4450.0,4450.0,4450.0,11840900.0,2026-07-20 16:00:00+07:00
1784538300,4450.0,4450.0,4450.0,4450.0,50700.0,2026-07-20 16:05:00+07:00
1784538600,4450.0,4450.0,4450.0,4450.0,89200.0,2026-07-20 16:10:00+07:00
1784599200,4480.0,4490.0,4460.0,4460.0,0.0,2026-07-21 09:00:00+07:00
1784599500,4470.0,4470.0,4460.0,4470.0,2373500.0,2026-07-21 09:05:00+07:00
1784599800,4460.0,4470.0,4450.0,4450.0,3651800.0,2026-07-21 09:10:00+07:00
1784600100,4460.0,4460.0,4440.0,4440.0,3617700.0,2026-07-21 09:15:00+07:00
1784600400,4450.0,4450.0,4440.0,4450.0,1386500.0,2026-07-21 09:20:00+07:00
1784600700,4450.0,4460.0,4440.0,4450.0,1575300.0,2026-07-21 09:25:00+07:00
1784601000,4450.0,4460.0,4440.0,4450.0,2090700.0,2026-07-21 09:30:00+07:00
1784601300,4450.0,4450.0,4440.0,4450.0,766500.0,2026-07-21 09:35:00+07:00
1784601600,4450.0,4460.0,4440.0,4460.0,2819800.0,2026-07-21 09:40:00+07:00
1784601900,4460.0,4460.0,4450.0,4450.0,698600.0,2026-07-21 09:45:00+07:00
1784602200,4450.0,4460.0,4450.0,4460.0,1307300.0,2026-07-21 09:50:00+07:00
1784602500,4450.0,4460.0,4440.0,4450.0,1807100.0,2026-07-21 09:55:00+07:00
1784602800,4450.0,4450.0,4440.0,4450.0,658200.0,2026-07-21 10:00:00+07:00
1784603100,4440.0,4450.0,4440.0,4440.0,496400.0,2026-07-21 10:05:00+07:00
1784603400,4450.0,4450.0,4430.0,4430.0,3178200.0,2026-07-21 10:10:00+07:00
1784603700,4430.0,4440.0,4430.0,4440.0,251800.0,2026-07-21 10:15:00+07:00
1784604000,4440.0,4450.0,4430.0,4450.0,2824200.0,2026-07-21 10:20:00+07:00
1784604300,4450.0,4460.0,4440.0,4450.0,1745000.0,2026-07-21 10:25:00+07:00
1784604600,4450.0,4460.0,4450.0,4460.0,377000.0,2026-07-21 10:30:00+07:00
1784604900,4450.0,4460.0,4450.0,4450.0,466200.0,2026-07-21 10:35:00+07:00
1784605200,4460.0,4460.0,4450.0,4450.0,353000.0,2026-07-21 10:40:00+07:00
1784605500,4450.0,4460.0,4450.0,4450.0,485800.0,2026-07-21 10:45:00+07:00
1784605800,4450.0,4460.0,4450.0,4460.0,1745500.0,2026-07-21 10:50:00+07:00
1784606100,4450.0,4460.0,4450.0,4460.0,411100.0,2026-07-21 10:55:00+07:00
1784606400,4460.0,4460.0,4450.0,4450.0,730700.0,2026-07-21 11:00:00+07:00
1784606700,4460.0,4460.0,4450.0,4460.0,944700.0,2026-07-21 11:05:00+07:00
1784607000,4460.0,4460.0,4450.0,4450.0,293800.0,2026-07-21 11:10:00+07:00
1784607300,4460.0,4460.0,4450.0,4460.0,347700.0,2026-07-21 11:15:00+07:00
1784607600,4460.0,4460.0,4450.0,4460.0,630100.0,2026-07-21 11:20:00+07:00
1784607900,4450.0,4460.0,4450.0,4460.0,253000.0,2026-07-21 11:25:00+07:00
1784608200,4460.0,4460.0,4450.0,4450.0,231500.0,2026-07-21 11:30:00+07:00
1784608500,4450.0,4460.0,4450.0,4460.0,1049600.0,2026-07-21 11:35:00+07:00
1784608800,4460.0,4460.0,4450.0,4450.0,907400.0,2026-07-21 11:40:00+07:00
1784609100,4460.0,4460.0,4450.0,4460.0,347300.0,2026-07-21 11:45:00+07:00
1784609400,4450.0,4460.0,4450.0,4460.0,1183600.0,2026-07-21 11:50:00+07:00
1784609700,4460.0,4460.0,4450.0,4450.0,1027300.0,2026-07-21 11:55:00+07:00
1784615400,4450.0,4460.0,4450.0,4460.0,3024400.0,2026-07-21 13:30:00+07:00
1784615700,4460.0,4470.0,4450.0,4470.0,3031700.0,2026-07-21 13:35:00+07:00
1784616000,4470.0,4470.0,4460.0,4460.0,433000.0,2026-07-21 13:40:00+07:00
1784616300,4470.0,4470.0,4450.0,4450.0,5330200.0,2026-07-21 13:45:00+07:00
1784616600,4450.0,4470.0,4450.0,4460.0,1337500.0,2026-07-21 13:50:00+07:00
1784616900,4450.0,4460.0,4450.0,4460.0,820500.0,2026-07-21 13:55:00+07:00
1784617200,4450.0,4460.0,4450.0,4450.0,641200.0,2026-07-21 14:00:00+07:00
1784617500,4450.0,4460.0,4450.0,4460.0,1326700.0,2026-07-21 14:05:00+07:00
1784617800,4460.0,4460.0,4450.0,4450.0,536900.0,2026-07-21 14:10:00+07:00
1784618100,4450.0,4460.0,4450.0,4460.0,3276600.0,2026-07-21 14:15:00+07:00
1784618400,4460.0,4460.0,4450.0,4450.0,1016300.0,2026-07-21 14:20:00+07:00
1784618700,4460.0,4460.0,4450.0,4460.0,659700.0,2026-07-21 14:25:00+07:00
1784619000,4450.0,4460.0,4450.0,4460.0,860200.0,2026-07-21 14:30:00+07:00
1784619300,4450.0,4460.0,4450.0,4450.0,1232600.0,2026-07-21 14:35:00+07:00
1784619600,4450.0,4460.0,4450.0,4450.0,1402700.0,2026-07-21 14:40:00+07:00
1784619900,4450.0,4460.0,4450.0,4460.0,1395700.0,2026-07-21 14:45:00+07:00
1784620200,4460.0,4460.0,4450.0,4450.0,1012600.0,2026-07-21 14:50:00+07:00
1784620500,4450.0,4460.0,4450.0,4460.0,788600.0,2026-07-21 14:55:00+07:00
1784620800,4460.0,4460.0,4450.0,4460.0,1212800.0,2026-07-21 15:00:00+07:00
1784621100,4460.0,4460.0,4450.0,4460.0,616900.0,2026-07-21 15:05:00+07:00
1784621400,4460.0,4460.0,4450.0,4450.0,1574400.0,2026-07-21 15:10:00+07:00
1784621700,4450.0,4460.0,4450.0,4450.0,1256400.0,2026-07-21 15:15:00+07:00
1784622000,4460.0,4460.0,4440.0,4440.0,8596000.0,2026-07-21 15:20:00+07:00
1784622300,4440.0,4450.0,4440.0,4440.0,3207600.0,2026-07-21 15:25:00+07:00
1784622600,4450.0,4450.0,4440.0,4440.0,1341600.0,2026-07-21 15:30:00+07:00
1784622900,4450.0,4450.0,4440.0,4450.0,2372300.0,2026-07-21 15:35:00+07:00
1784623200,4450.0,4450.0,4430.0,4430.0,6920900.0,2026-07-21 15:40:00+07:00
1784623500,4440.0,4440.0,4430.0,4440.0,5769200.0,2026-07-21 15:45:00+07:00
1784624400,4480.0,4480.0,4480.0,4480.0,22195900.0,2026-07-21 16:00:00+07:00
1784624700,4480.0,4480.0,4480.0,4480.0,46000.0,2026-07-21 16:05:00+07:00
1784625000,4480.0,4480.0,4480.0,4480.0,8100.0,2026-07-21 16:10:00+07:00
1784685600,4480.0,4490.0,4460.0,4470.0,0.0,2026-07-22 09:00:00+07:00
1784685900,4460.0,4470.0,4450.0,4450.0,2595000.0,2026-07-22 09:05:00+07:00
1784686200,4460.0,4460.0,4440.0,4450.0,3465700.0,2026-07-22 09:10:00+07:00
1784686500,4450.0,4450.0,4440.0,4440.0,1257300.0,2026-07-22 09:15:00+07:00
1784686800,4440.0,4450.0,4440.0,4440.0,2200400.0,2026-07-22 09:20:00+07:00
1784687100,4440.0,4450.0,4440.0,4440.0,884500.0,2026-07-22 09:25:00+07:00
1784687400,4440.0,4450.0,4430.0,4440.0,2625000.0,2026-07-22 09:30:00+07:00
1784687700,4430.0,4440.0,4430.0,4440.0,865400.0,2026-07-22 09:35:00+07:00
1784688000,4440.0,4440.0,4430.0,4430.0,570600.0,2026-07-22 09:40:00+07:00
1784688300,4430.0,4440.0,4420.0,4420.0,6532500.0,2026-07-22 09:45:00+07:00
1784688600,4420.0,4430.0,4410.0,4420.0,2775700.0,2026-07-22 09:50:00+07:00
1784688900,4420.0,4430.0,4410.0,4430.0,2666000.0,2026-07-22 09:55:00+07:00
1784689200,4430.0,4430.0,4420.0,4420.0,1019400.0,2026-07-22 10:00:00+07:00
1784689500,4430.0,4430.0,4420.0,4430.0,472200.0,2026-07-22 10:05:00+07:00
1784689800,4430.0,4430.0,4420.0,4430.0,661000.0,2026-07-22 10:10:00+07:00
1784690100,4420.0,4430.0,4420.0,4430.0,1596600.0,2026-07-22 10:15:00+07:00
1784690400,4430.0,4440.0,4420.0,4440.0,1469100.0,2026-07-22 10:20:00+07:00
1784690700,4440.0,4440.0,4430.0,4430.0,312200.0,2026-07-22 10:25:00+07:00
1784691000,4430.0,4440.0,4430.0,4430.0,507800.0,2026-07-22 10:30:00+07:00
1784691300,4430.0,4440.0,4430.0,4430.0,370600.0,2026-07-22 10:35:00+07:00
1784691600,4440.0,4440.0,4430.0,4440.0,523600.0,2026-07-22 10:40:00+07:00
1784691900,4430.0,4440.0,4430.0,4440.0,365700.0,2026-07-22 10:45:00+07:00
1784692200,4440.0,4440.0,4430.0,4440.0,186900.0,2026-07-22 10:50:00+07:00
1784692500,4430.0,4440.0,4430.0,4440.0,1258100.0,2026-07-22 10:55:00+07:00
1784692800,4440.0,4440.0,4430.0,4430.0,2072100.0,2026-07-22 11:00:00+07:00
1784693100,4430.0,4430.0,4420.0,4430.0,286300.0,2026-07-22 11:05:00+07:00
1784693400,4420.0,4430.0,4420.0,4420.0,357800.0,2026-07-22 11:10:00+07:00
1784693700,4420.0,4430.0,4420.0,4430.0,383100.0,2026-07-22 11:15:00+07:00
1784694000,4430.0,4430.0,4420.0,4420.0,1614200.0,2026-07-22 11:20:00+07:00
1784694300,4420.0,4430.0,4420.0,4430.0,469900.0,2026-07-22 11:25:00+07:00
1784694600,4430.0,4430.0,4420.0,4430.0,240500.0,2026-07-22 11:30:00+07:00
1784694900,4420.0,4430.0,4420.0,4430.0,352900.0,2026-07-22 11:35:00+07:00
1784695200,4430.0,4430.0,4420.0,4420.0,1353000.0,2026-07-22 11:40:00+07:00
1784695500,4430.0,4430.0,4420.0,4420.0,978300.0,2026-07-22 11:45:00+07:00
1784695800,4410.0,4420.0,4410.0,4410.0,499300.0,2026-07-22 11:50:00+07:00
1784696100,4420.0,4430.0,4420.0,4430.0,0.0,2026-07-22 11:55:00+07:00
1784701800,4430.0,4430.0,4420.0,4430.0,50503600.0,2026-07-22 13:30:00+07:00
1784702100,4420.0,4430.0,4420.0,4420.0,1913200.0,2026-07-22 13:35:00+07:00
1784702400,4420.0,4430.0,4410.0,4420.0,1161400.0,2026-07-22 13:40:00+07:00
1784702700,4410.0,4420.0,4410.0,4420.0,1084500.0,2026-07-22 13:45:00+07:00
1784703000,4420.0,4430.0,4420.0,4420.0,568000.0,2026-07-22 13:50:00+07:00
1784703300,4420.0,4430.0,4420.0,4420.0,485400.0,2026-07-22 13:55:00+07:00
1784703600,4420.0,4430.0,4420.0,4430.0,272500.0,2026-07-22 14:00:00+07:00
1784703900,4420.0,4430.0,4420.0,4420.0,499600.0,2026-07-22 14:05:00+07:00
1784704200,4430.0,4430.0,4420.0,4420.0,278500.0,2026-07-22 14:10:00+07:00
1784704500,4420.0,4430.0,4420.0,4420.0,354800.0,2026-07-22 14:15:00+07:00
1784704800,4420.0,4430.0,4420.0,4430.0,550600.0,2026-07-22 14:20:00+07:00
1784705100,4420.0,4430.0,4420.0,4430.0,1874000.0,2026-07-22 14:25:00+07:00
1784705400,4420.0,4430.0,4410.0,4430.0,1831300.0,2026-07-22 14:30:00+07:00
1784705700,4420.0,4440.0,4420.0,4430.0,2731100.0,2026-07-22 14:35:00+07:00
1784706000,4430.0,4440.0,4430.0,4440.0,1010800.0,2026-07-22 14:40:00+07:00
1784706300,4440.0,4450.0,4430.0,4440.0,710000.0,2026-07-22 14:45:00+07:00
1784706600,4440.0,4450.0,4430.0,4430.0,887900.0,2026-07-22 14:50:00+07:00
1784706900,4440.0,4440.0,4430.0,4430.0,1299300.0,2026-07-22 14:55:00+07:00
1784707200,4440.0,4440.0,4430.0,4440.0,931000.0,2026-07-22 15:00:00+07:00
1784707500,4430.0,4440.0,4430.0,4440.0,738700.0,2026-07-22 15:05:00+07:00
1784707800,4430.0,4440.0,4430.0,4430.0,979000.0,2026-07-22 15:10:00+07:00
1784708100,4440.0,4440.0,4430.0,4430.0,630600.0,2026-07-22 15:15:00+07:00
1784708400,4430.0,4430.0,4420.0,4430.0,721700.0,2026-07-22 15:20:00+07:00
1784708700,4420.0,4440.0,4420.0,4430.0,2724500.0,2026-07-22 15:25:00+07:00
1784709000,4430.0,4440.0,4430.0,4430.0,529200.0,2026-07-22 15:30:00+07:00
1784709300,4430.0,4440.0,4430.0,4440.0,2431800.0,2026-07-22 15:35:00+07:00
1784709600,4430.0,4440.0,4430.0,4440.0,1693900.0,2026-07-22 15:40:00+07:00
1784709900,4440.0,4450.0,4430.0,4450.0,1846900.0,2026-07-22 15:45:00+07:00
1784710800,4420.0,4420.0,4420.0,4420.0,11314100.0,2026-07-22 16:00:00+07:00
1784711100,4420.0,4420.0,4420.0,4420.0,541600.0,2026-07-22 16:05:00+07:00
1784711400,4420.0,4420.0,4420.0,4420.0,37100.0,2026-07-22 16:10:00+07:00
1784772000,4450.0,4460.0,4430.0,4450.0,0.0,2026-07-23 09:00:00+07:00
1784772300,4450.0,4450.0,4430.0,4450.0,3486000.0,2026-07-23 09:05:00+07:00
1784772600,4450.0,4450.0,4440.0,4450.0,599300.0,2026-07-23 09:10:00+07:00
1784772900,4450.0,4450.0,4440.0,4450.0,674900.0,2026-07-23 09:15:00+07:00
1784773200,4450.0,4450.0,4440.0,4450.0,440000.0,2026-07-23 09:20:00+07:00
1784773500,4440.0,4450.0,4440.0,4440.0,916200.0,2026-07-23 09:25:00+07:00
1784773800,4440.0,4450.0,4430.0,4440.0,2098600.0,2026-07-23 09:30:00+07:00
1784774100,4430.0,4450.0,4430.0,4440.0,1927300.0,2026-07-23 09:35:00+07:00
1784774400,4440.0,4460.0,4440.0,4450.0,3517300.0,2026-07-23 09:40:00+07:00
1784774700,4450.0,4470.0,4450.0,4450.0,4673200.0,2026-07-23 09:45:00+07:00
1784775000,4460.0,4470.0,4460.0,4460.0,919200.0,2026-07-23 09:50:00+07:00
1784775300,4460.0,4470.0,4460.0,4460.0,449200.0,2026-07-23 09:55:00+07:00
1784775600,4460.0,4470.0,4450.0,4460.0,1687300.0,2026-07-23 10:00:00+07:00
1784775900,4460.0,4460.0,4450.0,4450.0,1561500.0,2026-07-23 10:05:00+07:00
1784776200,4450.0,4460.0,4450.0,4450.0,778600.0,2026-07-23 10:10:00+07:00
1784776500,4450.0,4460.0,4440.0,4450.0,1936900.0,2026-07-23 10:15:00+07:00
1784776800,4450.0,4450.0,4440.0,4450.0,393100.0,2026-07-23 10:20:00+07:00
1784777100,4440.0,4450.0,4440.0,4440.0,2741200.0,2026-07-23 10:25:00+07:00
1784777400,4440.0,4460.0,4440.0,4440.0,2463400.0,2026-07-23 10:30:00+07:00
1784777700,4450.0,4450.0,4440.0,4440.0,460400.0,2026-07-23 10:35:00+07:00
1784778000,4440.0,4450.0,4440.0,4440.0,409000.0,2026-07-23 10:40:00+07:00
1784778300,4440.0,4450.0,4440.0,4440.0,803600.0,2026-07-23 10:45:00+07:00
1784778600,4440.0,4450.0,4440.0,4450.0,359000.0,2026-07-23 10:50:00+07:00
1784778900,4450.0,4450.0,4440.0,4440.0,396500.0,2026-07-23 10:55:00+07:00
1784779200,4440.0,4450.0,4440.0,4440.0,438600.0,2026-07-23 11:00:00+07:00
1784779500,4450.0,4450.0,4440.0,4440.0,481100.0,2026-07-23 11:05:00+07:00
1784779800,4440.0,4450.0,4440.0,4440.0,899600.0,2026-07-23 11:10:00+07:00
1784780100,4440.0,4450.0,4440.0,4440.0,689200.0,2026-07-23 11:15:00+07:00
1784780400,4440.0,4450.0,4430.0,4430.0,1524000.0,2026-07-23 11:20:00+07:00
1784780700,4430.0,4440.0,4430.0,4430.0,619500.0,2026-07-23 11:25:00+07:00
1784781000,4430.0,4440.0,4430.0,4430.0,772700.0,2026-07-23 11:30:00+07:00
1784781300,4430.0,4440.0,4430.0,4440.0,1588400.0,2026-07-23 11:35:00+07:00
1784781600,4430.0,4440.0,4430.0,4430.0,752600.0,2026-07-23 11:40:00+07:00
1784781900,4430.0,4440.0,4430.0,4430.0,834300.0,2026-07-23 11:45:00+07:00
1784782200,4430.0,4440.0,4430.0,4440.0,1139300.0,2026-07-23 11:50:00+07:00
1784782500,4430.0,4440.0,4430.0,4430.0,1159500.0,2026-07-23 11:55:00+07:00
1784788200,4440.0,4450.0,4430.0,4440.0,5575100.0,2026-07-23 13:30:00+07:00
1784788500,4430.0,4440.0,4430.0,4440.0,556800.0,2026-07-23 13:35:00+07:00
1784788800,4430.0,4440.0,4430.0,4430.0,1228600.0,2026-07-23 13:40:00+07:00
1784789100,4430.0,4440.0,4430.0,4430.0,574700.0,2026-07-23 13:45:00+07:00
1784789400,4440.0,4440.0,4430.0,4430.0,892100.0,2026-07-23 13:50:00+07:00
1784789700,4430.0,4440.0,4420.0,4430.0,2449100.0,2026-07-23 13:55:00+07:00
1784790000,4420.0,4430.0,4420.0,4430.0,1717000.0,2026-07-23 14:00:00+07:00
1784790300,4430.0,4430.0,4410.0,4420.0,6627100.0,2026-07-23 14:05:00+07:00
1784790600,4410.0,4420.0,4410.0,4420.0,2162300.0,2026-07-23 14:10:00+07:00
1784790900,4410.0,4420.0,4410.0,4410.0,2608800.0,2026-07-23 14:15:00+07:00
1784791200,4410.0,4420.0,4400.0,4400.0,4823200.0,2026-07-23 14:20:00+07:00
1784791500,4400.0,4410.0,4360.0,4370.0,10591900.0,2026-07-23 14:25:00+07:00
1784791800,4370.0,4390.0,4360.0,4390.0,1568300.0,2026-07-23 14:30:00+07:00
1784792100,4380.0,4390.0,4380.0,4390.0,477600.0,2026-07-23 14:35:00+07:00
1784792400,4380.0,4400.0,4380.0,4400.0,1676000.0,2026-07-23 14:40:00+07:00
1784792700,4400.0,4400.0,4380.0,4380.0,1535800.0,2026-07-23 14:45:00+07:00
1784793000,4380.0,4390.0,4370.0,4380.0,1277000.0,2026-07-23 14:50:00+07:00
1784793300,4380.0,4380.0,4370.0,4380.0,403500.0,2026-07-23 14:55:00+07:00
1784793600,4370.0,4380.0,4360.0,4360.0,2279800.0,2026-07-23 15:00:00+07:00
1784793900,4360.0,4370.0,4330.0,4340.0,8537600.0,2026-07-23 15:05:00+07:00
1784794200,4340.0,4340.0,4330.0,4330.0,1341500.0,2026-07-23 15:10:00+07:00
1784794500,4330.0,4370.0,4330.0,4360.0,6561200.0,2026-07-23 15:15:00+07:00
1784794800,4360.0,4360.0,4340.0,4350.0,3438900.0,2026-07-23 15:20:00+07:00
1784795100,4350.0,4370.0,4340.0,4370.0,1997400.0,2026-07-23 15:25:00+07:00
1784795400,4370.0,4370.0,4360.0,4360.0,2076800.0,2026-07-23 15:30:00+07:00
1784795700,4360.0,4370.0,4350.0,4360.0,2202500.0,2026-07-23 15:35:00+07:00
1784796000,4350.0,4360.0,4330.0,4350.0,7237600.0,2026-07-23 15:40:00+07:00
1784796300,4360.0,4360.0,4350.0,4350.0,1766200.0,2026-07-23 15:45:00+07:00
1784797200,4380.0,4380.0,4380.0,4380.0,20721600.0,2026-07-23 16:00:00+07:00
1784797500,4380.0,4380.0,4380.0,4380.0,68400.0,2026-07-23 16:05:00+07:00
1784797800,4380.0,4380.0,4380.0,4380.0,927800.0,2026-07-23 16:10:00+07:00
1784858400,4290.0,4290.0,4210.0,4240.0,0.0,2026-07-24 09:00:00+07:00
1784858700,4230.0,4240.0,4210.0,4220.0,19132800.0,2026-07-24 09:05:00+07:00
1784859000,4220.0,4220.0,4200.0,4200.0,15841300.0,2026-07-24 09:10:00+07:00
1784859300,4210.0,4230.0,4200.0,4230.0,7464400.0,2026-07-24 09:15:00+07:00
1784859600,4230.0,4230.0,4220.0,4220.0,2396300.0,2026-07-24 09:20:00+07:00
1784859900,4230.0,4230.0,4200.0,4210.0,10480500.0,2026-07-24 09:25:00+07:00
1784860200,4210.0,4220.0,4200.0,4220.0,4229500.0,2026-07-24 09:30:00+07:00
1784860500,4220.0,4240.0,4210.0,4240.0,7822000.0,2026-07-24 09:35:00+07:00
1784860800,4240.0,4240.0,4230.0,4240.0,1922200.0,2026-07-24 09:40:00+07:00
1784861100,4240.0,4260.0,4230.0,4250.0,9931200.0,2026-07-24 09:45:00+07:00
1784861400,4260.0,4270.0,4250.0,4260.0,7347400.0,2026-07-24 09:50:00+07:00
1784861700,4260.0,4260.0,4240.0,4250.0,4937400.0,2026-07-24 09:55:00+07:00
1784862000,4250.0,4250.0,4230.0,4240.0,1872000.0,2026-07-24 10:00:00+07:00
1784862300,4240.0,4240.0,4230.0,4230.0,1237700.0,2026-07-24 10:05:00+07:00
1784862600,4240.0,4240.0,4230.0,4230.0,1010200.0,2026-07-24 10:10:00+07:00
1784862900,4230.0,4240.0,4210.0,4230.0,7035900.0,2026-07-24 10:15:00+07:00
1784863200,4220.0,4230.0,4220.0,4230.0,864300.0,2026-07-24 10:20:00+07:00
1784863500,4230.0,4230.0,4210.0,4210.0,2207300.0,2026-07-24 10:25:00+07:00
1784863800,4210.0,4220.0,4210.0,4210.0,2548500.0,2026-07-24 10:30:00+07:00
1784864100,4210.0,4220.0,4210.0,4210.0,1886200.0,2026-07-24 10:35:00+07:00
1784864400,4210.0,4220.0,4200.0,4210.0,4438200.0,2026-07-24 10:40:00+07:00
1784864700,4200.0,4210.0,4200.0,4200.0,8954500.0,2026-07-24 10:45:00+07:00
1784865000,4200.0,4210.0,4200.0,4200.0,1746800.0,2026-07-24 10:50:00+07:00
1784865300,4200.0,4210.0,4190.0,4200.0,4102800.0,2026-07-24 10:55:00+07:00
1784865600,4200.0,4200.0,4190.0,4200.0,12100200.0,2026-07-24 11:00:00+07:00
1784865900,4200.0,4220.0,4200.0,4220.0,3789200.0,2026-07-24 11:05:00+07:00
1784866200,4220.0,4220.0,4210.0,4220.0,701600.0,2026-07-24 11:10:00+07:00
1784866500,4220.0,4220.0,4210.0,4220.0,1419500.0,2026-07-24 11:15:00+07:00
1784866800,4220.0,4220.0,4210.0,4220.0,1001000.0,2026-07-24 11:20:00+07:00
1784867100,4210.0,4230.0,4210.0,4230.0,3921800.0,2026-07-24 11:25:00+07:00
1784876400,4230.0,4240.0,4200.0,4210.0,10689300.0,2026-07-24 14:00:00+07:00
1784876700,4210.0,4210.0,4190.0,4190.0,10114200.0,2026-07-24 14:05:00+07:00
1784877000,4200.0,4200.0,4190.0,4190.0,2129100.0,2026-07-24 14:10:00+07:00
1784877300,4190.0,4200.0,4160.0,4160.0,16567000.0,2026-07-24 14:15:00+07:00
1784877600,4170.0,4170.0,4150.0,4160.0,7778000.0,2026-07-24 14:20:00+07:00
1784877900,4150.0,4170.0,4150.0,4170.0,19880600.0,2026-07-24 14:25:00+07:00
1784878200,4170.0,4190.0,4160.0,4180.0,9645000.0,2026-07-24 14:30:00+07:00
1784878500,4180.0,4190.0,4170.0,4170.0,4727600.0,2026-07-24 14:35:00+07:00
1784878800,4180.0,4190.0,4170.0,4190.0,4234500.0,2026-07-24 14:40:00+07:00
1784879100,4190.0,4190.0,4180.0,4180.0,2962200.0,2026-07-24 14:45:00+07:00
1784879400,4190.0,4190.0,4170.0,4180.0,2645300.0,2026-07-24 14:50:00+07:00
1784879700,4180.0,4180.0,4170.0,4180.0,3518700.0,2026-07-24 14:55:00+07:00
1784880000,4180.0,4180.0,4160.0,4160.0,2019300.0,2026-07-24 15:00:00+07:00
1784880300,4160.0,4170.0,4150.0,4160.0,7551600.0,2026-07-24 15:05:00+07:00
1784880600,4160.0,4160.0,4150.0,4160.0,3229300.0,2026-07-24 15:10:00+07:00
1784880900,4160.0,4160.0,4140.0,4150.0,13669200.0,2026-07-24 15:15:00+07:00
1784881200,4150.0,4150.0,4140.0,4140.0,3348300.0,2026-07-24 15:20:00+07:00
1784881500,4150.0,4150.0,4130.0,4140.0,9412100.0,2026-07-24 15:25:00+07:00
1784881800,4140.0,4140.0,4130.0,4130.0,8089200.0,2026-07-24 15:30:00+07:00
1784882100,4130.0,4150.0,4120.0,4130.0,22032600.0,2026-07-24 15:35:00+07:00
1784882400,4140.0,4150.0,4130.0,4150.0,5897000.0,2026-07-24 15:40:00+07:00
1784882700,4140.0,4170.0,4140.0,4160.0,5567400.0,2026-07-24 15:45:00+07:00
1784883600,4130.0,4130.0,4130.0,4130.0,23530000.0,2026-07-24 16:00:00+07:00
1784883900,4130.0,4130.0,4130.0,4130.0,238700.0,2026-07-24 16:05:00+07:00
1784884200,4130.0,4130.0,4130.0,4130.0,189000.0,2026-07-24 16:10:00+07:00
1785117600,4100.0,4110.0,4080.0,4100.0,0.0,2026-07-27 09:00:00+07:00
1785117900,4100.0,4120.0,4100.0,4120.0,15442500.0,2026-07-27 09:05:00+07:00
1785118200,4120.0,4120.0,4090.0,4090.0,7740100.0,2026-07-27 09:10:00+07:00
1785118500,4100.0,4100.0,4060.0,4060.0,17826300.0,2026-07-27 09:15:00+07:00
1785118800,4060.0,4080.0,4060.0,4080.0,4642200.0,2026-07-27 09:20:00+07:00
1785119100,4080.0,4090.0,4070.0,4080.0,4529400.0,2026-07-27 09:25:00+07:00
1785119400,4080.0,4090.0,4060.0,4070.0,7381000.0,2026-07-27 09:30:00+07:00
1785119700,4070.0,4080.0,4060.0,4070.0,1857600.0,2026-07-27 09:35:00+07:00
1785120000,4080.0,4080.0,4060.0,4070.0,6414100.0,2026-07-27 09:40:00+07:00
1785120300,4070.0,4100.0,4070.0,4090.0,4158600.0,2026-07-27 09:45:00+07:00
1785120600,4090.0,4110.0,4090.0,4100.0,3350900.0,2026-07-27 09:50:00+07:00
1785120900,4090.0,4100.0,4080.0,4090.0,2936600.0,2026-07-27 09:55:00+07:00
1785121200,4090.0,4100.0,4080.0,4100.0,2045500.0,2026-07-27 10:00:00+07:00
1785121500,4090.0,4120.0,4090.0,4120.0,3676400.0,2026-07-27 10:05:00+07:00
1785121800,4120.0,4130.0,4110.0,4120.0,6273800.0,2026-07-27 10:10:00+07:00
1785122100,4110.0,4130.0,4110.0,4120.0,3510600.0,2026-07-27 10:15:00+07:00
1785122400,4130.0,4130.0,4110.0,4120.0,4700000.0,2026-07-27 10:20:00+07:00
1785122700,4120.0,4120.0,4110.0,4120.0,983200.0,2026-07-27 10:25:00+07:00
1785123000,4110.0,4120.0,4110.0,4110.0,1779100.0,2026-07-27 10:30:00+07:00
1785123300,4110.0,4120.0,4090.0,4090.0,8780100.0,2026-07-27 10:35:00+07:00
1785123600,4090.0,4100.0,4090.0,4100.0,840100.0,2026-07-27 10:40:00+07:00
1785123900,4090.0,4100.0,4090.0,4090.0,463000.0,2026-07-27 10:45:00+07:00
1785124200,4100.0,4110.0,4090.0,4110.0,2738300.0,2026-07-27 10:50:00+07:00
1785124500,4110.0,4110.0,4100.0,4100.0,692100.0,2026-07-27 10:55:00+07:00
1785124800,4100.0,4110.0,4100.0,4110.0,799400.0,2026-07-27 11:00:00+07:00
1785125100,4110.0,4110.0,4100.0,4100.0,1103900.0,2026-07-27 11:05:00+07:00
1785125400,4100.0,4110.0,4100.0,4100.0,959600.0,2026-07-27 11:10:00+07:00
1785125700,4100.0,4110.0,4100.0,4110.0,854200.0,2026-07-27 11:15:00+07:00
1785126000,4100.0,4110.0,4100.0,4100.0,719700.0,2026-07-27 11:20:00+07:00
1785126300,4110.0,4110.0,4100.0,4100.0,542500.0,2026-07-27 11:25:00+07:00
1785126600,4100.0,4110.0,4100.0,4100.0,1028300.0,2026-07-27 11:30:00+07:00
1785126900,4110.0,4110.0,4090.0,4100.0,4203500.0,2026-07-27 11:35:00+07:00
1785127200,4110.0,4110.0,4100.0,4110.0,777300.0,2026-07-27 11:40:00+07:00
1785127500,4110.0,4110.0,4100.0,4100.0,152100.0,2026-07-27 11:45:00+07:00
1785127800,4100.0,4110.0,4100.0,4110.0,1112300.0,2026-07-27 11:50:00+07:00
1785128100,4100.0,4110.0,4100.0,4100.0,1172100.0,2026-07-27 11:55:00+07:00
1785133800,4100.0,4110.0,4100.0,4100.0,1462100.0,2026-07-27 13:30:00+07:00
1785134100,4110.0,4120.0,4100.0,4120.0,4413100.0,2026-07-27 13:35:00+07:00
1785134400,4120.0,4120.0,4110.0,4120.0,1248600.0,2026-07-27 13:40:00+07:00
1785134700,4120.0,4120.0,4110.0,4120.0,427100.0,2026-07-27 13:45:00+07:00
1785135000,4120.0,4130.0,4110.0,4130.0,3137900.0,2026-07-27 13:50:00+07:00
1785135300,4130.0,4130.0,4120.0,4130.0,1786700.0,2026-07-27 13:55:00+07:00
1785135600,4130.0,4130.0,4120.0,4130.0,761900.0,2026-07-27 14:00:00+07:00
1785135900,4130.0,4130.0,4110.0,4120.0,4211400.0,2026-07-27 14:05:00+07:00
1785136200,4120.0,4120.0,4110.0,4120.0,220900.0,2026-07-27 14:10:00+07:00
1785136500,4120.0,4120.0,4110.0,4120.0,343000.0,2026-07-27 14:15:00+07:00
1785136800,4110.0,4130.0,4110.0,4130.0,3668700.0,2026-07-27 14:20:00+07:00
1785137100,4130.0,4130.0,4120.0,4120.0,1253000.0,2026-07-27 14:25:00+07:00
1785137400,4130.0,4130.0,4120.0,4120.0,668000.0,2026-07-27 14:30:00+07:00
1785137700,4130.0,4130.0,4110.0,4130.0,3841800.0,2026-07-27 14:35:00+07:00
1785138000,4130.0,4130.0,4110.0,4120.0,800800.0,2026-07-27 14:40:00+07:00
1785138300,4120.0,4120.0,4110.0,4120.0,453500.0,2026-07-27 14:45:00+07:00
1785138600,4120.0,4120.0,4110.0,4120.0,3149900.0,2026-07-27 14:50:00+07:00
1785138900,4120.0,4130.0,4110.0,4130.0,1222900.0,2026-07-27 14:55:00+07:00
1785139200,4130.0,4130.0,4120.0,4130.0,262500.0,2026-07-27 15:00:00+07:00
1785139500,4130.0,4130.0,4110.0,4110.0,2858400.0,2026-07-27 15:05:00+07:00
1785139800,4120.0,4120.0,4110.0,4110.0,159200.0,2026-07-27 15:10:00+07:00
1785140100,4120.0,4120.0,4110.0,4110.0,634300.0,2026-07-27 15:15:00+07:00
1785140400,4120.0,4120.0,4100.0,4110.0,5773000.0,2026-07-27 15:20:00+07:00
1785140700,4110.0,4110.0,4100.0,4100.0,1594200.0,2026-07-27 15:25:00+07:00
1785141000,4110.0,4110.0,4090.0,4100.0,4606700.0,2026-07-27 15:30:00+07:00
1785141300,4110.0,4130.0,4100.0,4120.0,6074900.0,2026-07-27 15:35:00+07:00
1785141600,4130.0,4160.0,4120.0,4130.0,7729700.0,2026-07-27 15:40:00+07:00
1785141900,4140.0,4150.0,4130.0,4130.0,2395700.0,2026-07-27 15:45:00+07:00
1785142800,4160.0,4160.0,4160.0,4160.0,14953300.0,2026-07-27 16:00:00+07:00
1785143100,4160.0,4160.0,4160.0,4160.0,130000.0,2026-07-27 16:05:00+07:00
1785143400,4160.0,4160.0,4160.0,4160.0,184900.0,2026-07-27 16:10:00+07:00
1785204000,4150.0,4190.0,4150.0,4170.0,0.0,2026-07-28 09:00:00+07:00
1785204300,4160.0,4190.0,4160.0,4180.0,5554000.0,2026-07-28 09:05:00+07:00
1785204600,4180.0,4180.0,4120.0,4130.0,7803000.0,2026-07-28 09:10:00+07:00
1785204900,4130.0,4140.0,4120.0,4140.0,1835800.0,2026-07-28 09:15:00+07:00
1785205200,4130.0,4150.0,4130.0,4150.0,1177100.0,2026-07-28 09:20:00+07:00
1785205500,4150.0,4150.0,4130.0,4140.0,1153100.0,2026-07-28 09:25:00+07:00
1785205800,4130.0,4150.0,4130.0,4150.0,1370900.0,2026-07-28 09:30:00+07:00
1785206100,4150.0,4160.0,4140.0,4160.0,1397300.0,2026-07-28 09:35:00+07:00
1785206400,4160.0,4170.0,4150.0,4160.0,1398000.0,2026-07-28 09:40:00+07:00
1785206700,4160.0,4170.0,4150.0,4160.0,1461500.0,2026-07-28 09:45:00+07:00
1785207000,4160.0,4170.0,4160.0,4170.0,137100.0,2026-07-28 09:50:00+07:00
1785207300,4170.0,4170.0,4160.0,4170.0,973800.0,2026-07-28 09:55:00+07:00
1785207600,4170.0,4170.0,4160.0,4170.0,642000.0,2026-07-28 10:00:00+07:00
1785207900,4170.0,4170.0,4160.0,4170.0,944100.0,2026-07-28 10:05:00+07:00
1785208200,4170.0,4170.0,4160.0,4170.0,1048400.0,2026-07-28 10:10:00+07:00
1785208500,4170.0,4170.0,4160.0,4170.0,289300.0,2026-07-28 10:15:00+07:00
1785208800,4170.0,4170.0,4160.0,4160.0,350100.0,2026-07-28 10:20:00+07:00
1785209100,4160.0,4170.0,4150.0,4160.0,4885100.0,2026-07-28 10:25:00+07:00
1785209400,4150.0,4160.0,4150.0,4150.0,351700.0,2026-07-28 10:30:00+07:00
1785209700,4150.0,4160.0,4150.0,4160.0,677000.0,2026-07-28 10:35:00+07:00
1785210000,4150.0,4170.0,4150.0,4170.0,2491400.0,2026-07-28 10:40:00+07:00
1785210300,4160.0,4170.0,4160.0,4160.0,2239400.0,2026-07-28 10:45:00+07:00
1785210600,4160.0,4170.0,4150.0,4160.0,1515600.0,2026-07-28 10:50:00+07:00
1785210900,4160.0,4170.0,4160.0,4160.0,547500.0,2026-07-28 10:55:00+07:00
1785211200,4160.0,4170.0,4160.0,4160.0,1024000.0,2026-07-28 11:00:00+07:00
1785211500,4160.0,4170.0,4160.0,4160.0,391800.0,2026-07-28 11:05:00+07:00
1785211800,4160.0,4170.0,4160.0,4170.0,295800.0,2026-07-28 11:10:00+07:00
1785212100,4160.0,4170.0,4160.0,4160.0,231000.0,2026-07-28 11:15:00+07:00
1785212400,4170.0,4170.0,4160.0,4160.0,320200.0,2026-07-28 11:20:00+07:00
1785212700,4160.0,4170.0,4160.0,4160.0,173600.0,2026-07-28 11:25:00+07:00
1785213000,4170.0,4170.0,4160.0,4160.0,343700.0,2026-07-28 11:30:00+07:00
1785213300,4170.0,4170.0,4160.0,4160.0,495100.0,2026-07-28 11:35:00+07:00
1785213600,4160.0,4170.0,4160.0,4170.0,472500.0,2026-07-28 11:40:00+07:00
1785213900,4160.0,4170.0,4160.0,4160.0,463400.0,2026-07-28 11:45:00+07:00
1785214200,4170.0,4170.0,4160.0,4160.0,1827700.0,2026-07-28 11:50:00+07:00
1785214500,4160.0,4170.0,4150.0,4160.0,3611500.0,2026-07-28 11:55:00+07:00
1785220200,4160.0,4160.0,4150.0,4160.0,1342600.0,2026-07-28 13:30:00+07:00
1785220500,4150.0,4160.0,4150.0,4160.0,1284100.0,2026-07-28 13:35:00+07:00
1785220800,4160.0,4160.0,4150.0,4150.0,942900.0,2026-07-28 13:40:00+07:00
1785221100,4150.0,4160.0,4130.0,4140.0,11912300.0,2026-07-28 13:45:00+07:00
1785221400,4140.0,4140.0,4120.0,4130.0,5090400.0,2026-07-28 13:50:00+07:00
1785221700,4120.0,4130.0,4100.0,4120.0,12980500.0,2026-07-28 13:55:00+07:00
1785222000,4120.0,4130.0,4110.0,4130.0,1732200.0,2026-07-28 14:00:00+07:00
1785222300,4130.0,4130.0,4120.0,4130.0,1252900.0,2026-07-28 14:05:00+07:00
1785222600,4130.0,4130.0,4120.0,4130.0,343600.0,2026-07-28 14:10:00+07:00
1785222900,4130.0,4130.0,4110.0,4120.0,2430500.0,2026-07-28 14:15:00+07:00
1785223200,4120.0,4120.0,4110.0,4120.0,871500.0,2026-07-28 14:20:00+07:00
1785223500,4110.0,4120.0,4110.0,4120.0,522200.0,2026-07-28 14:25:00+07:00
1785223800,4120.0,4120.0,4110.0,4120.0,1574700.0,2026-07-28 14:30:00+07:00
1785224100,4120.0,4120.0,4110.0,4110.0,373600.0,2026-07-28 14:35:00+07:00
1785224400,4110.0,4120.0,4110.0,4120.0,814500.0,2026-07-28 14:40:00+07:00
1785224700,4120.0,4120.0,4110.0,4120.0,820900.0,2026-07-28 14:45:00+07:00
1785225000,4110.0,4120.0,4110.0,4110.0,1645500.0,2026-07-28 14:50:00+07:00
1785225300,4120.0,4120.0,4110.0,4120.0,900900.0,2026-07-28 14:55:00+07:00
1785225600,4110.0,4120.0,4110.0,4120.0,832200.0,2026-07-28 15:00:00+07:00
1785225900,4110.0,4120.0,4110.0,4120.0,1003100.0,2026-07-28 15:05:00+07:00
1785226200,4120.0,4120.0,4110.0,4110.0,1742600.0,2026-07-28 15:10:00+07:00
1785226500,4120.0,4120.0,4110.0,4110.0,1322700.0,2026-07-28 15:15:00+07:00
1785226800,4110.0,4120.0,4110.0,4110.0,4453500.0,2026-07-28 15:20:00+07:00
1785227100,4110.0,4120.0,4100.0,4110.0,3283800.0,2026-07-28 15:25:00+07:00
1785227400,4110.0,4120.0,4110.0,4110.0,2118000.0,2026-07-28 15:30:00+07:00
1785227700,4110.0,4120.0,4110.0,4110.0,1753800.0,2026-07-28 15:35:00+07:00
1785228000,4120.0,4120.0,4110.0,4110.0,4789900.0,2026-07-28 15:40:00+07:00
1785228300,4110.0,4120.0,4110.0,4110.0,5504400.0,2026-07-28 15:45:00+07:00
1785229200,4100.0,4100.0,4100.0,4100.0,26228100.0,2026-07-28 16:00:00+07:00
1785229500,4100.0,4100.0,4100.0,4100.0,683800.0,2026-07-28 16:05:00+07:00
1785229800,4100.0,4100.0,4100.0,4100.0,511100.0,2026-07-28 16:10:00+07:00
1785290400,4130.0,4140.0,4120.0,4130.0,0.0,2026-07-29 09:00:00+07:00
1785290700,4140.0,4140.0,4120.0,4130.0,1735800.0,2026-07-29 09:05:00+07:00
1785291000,4130.0,4130.0,4120.0,4120.0,1458600.0,2026-07-29 09:10:00+07:00
1785291300,4120.0,4130.0,4110.0,4110.0,2400200.0,2026-07-29 09:15:00+07:00
1785291600,4110.0,4120.0,4110.0,4110.0,2214500.0,2026-07-29 09:20:00+07:00
1785291900,4110.0,4120.0,4100.0,4100.0,2360800.0,2026-07-29 09:25:00+07:00
1785292200,4100.0,4110.0,4100.0,4100.0,1592200.0,2026-07-29 09:30:00+07:00
1785292500,4110.0,4110.0,4100.0,4110.0,828900.0,2026-07-29 09:35:00+07:00
1785292800,4100.0,4110.0,4090.0,4090.0,4461700.0,2026-07-29 09:40:00+07:00
1785293100,4090.0,4100.0,4080.0,4100.0,4429500.0,2026-07-29 09:45:00+07:00
1785293400,4090.0,4100.0,4080.0,4080.0,2498600.0,2026-07-29 09:50:00+07:00
1785293700,4080.0,4090.0,4070.0,4070.0,1883800.0,2026-07-29 09:55:00+07:00
1785294000,4070.0,4080.0,4070.0,4070.0,1163400.0,2026-07-29 10:00:00+07:00
1785294300,4070.0,4080.0,4060.0,4060.0,3527600.0,2026-07-29 10:05:00+07:00
1785294600,4060.0,4070.0,4060.0,4060.0,2705600.0,2026-07-29 10:10:00+07:00
1785294900,4060.0,4080.0,4060.0,4070.0,5378500.0,2026-07-29 10:15:00+07:00
1785295200,4070.0,4080.0,4060.0,4080.0,2606200.0,2026-07-29 10:20:00+07:00
1785295500,4070.0,4090.0,4070.0,4090.0,1942900.0,2026-07-29 10:25:00+07:00
1785295800,4090.0,4110.0,4080.0,4100.0,2197000.0,2026-07-29 10:30:00+07:00
1785296100,4100.0,4110.0,4100.0,4100.0,751000.0,2026-07-29 10:35:00+07:00
1785296400,4100.0,4110.0,4090.0,4100.0,1191900.0,2026-07-29 10:40:00+07:00
1785296700,4090.0,4100.0,4080.0,4090.0,1018800.0,2026-07-29 10:45:00+07:00
1785297000,4090.0,4110.0,4090.0,4100.0,507800.0,2026-07-29 10:50:00+07:00
1785297300,4100.0,4110.0,4100.0,4100.0,411800.0,2026-07-29 10:55:00+07:00
1785297600,4100.0,4110.0,4100.0,4110.0,620100.0,2026-07-29 11:00:00+07:00
1785297900,4110.0,4110.0,4100.0,4110.0,743000.0,2026-07-29 11:05:00+07:00
1785298200,4100.0,4110.0,4090.0,4100.0,1878300.0,2026-07-29 11:10:00+07:00
1785298500,4100.0,4110.0,4100.0,4110.0,877200.0,2026-07-29 11:15:00+07:00
1785298800,4100.0,4110.0,4090.0,4100.0,1031600.0,2026-07-29 11:20:00+07:00
1785299100,4100.0,4100.0,4090.0,4100.0,297800.0,2026-07-29 11:25:00+07:00
1785299400,4100.0,4100.0,4090.0,4090.0,184700.0,2026-07-29 11:30:00+07:00
1785299700,4090.0,4100.0,4090.0,4100.0,253200.0,2026-07-29 11:35:00+07:00
1785300000,4100.0,4100.0,4090.0,4090.0,351000.0,2026-07-29 11:40:00+07:00
1785300300,4100.0,4110.0,4090.0,4110.0,961500.0,2026-07-29 11:45:00+07:00
1785300600,4100.0,4110.0,4100.0,4100.0,252800.0,2026-07-29 11:50:00+07:00
1785300900,4110.0,4110.0,4100.0,4100.0,445300.0,2026-07-29 11:55:00+07:00
1785306600,4100.0,4130.0,4100.0,4130.0,4443200.0,2026-07-29 13:30:00+07:00
1785306900,4130.0,4130.0,4120.0,4130.0,886600.0,2026-07-29 13:35:00+07:00
1785307200,4130.0,4130.0,4110.0,4110.0,1100900.0,2026-07-29 13:40:00+07:00
1785307500,4120.0,4120.0,4110.0,4110.0,1805900.0,2026-07-29 13:45:00+07:00
1785307800,4110.0,4120.0,4110.0,4110.0,652400.0,2026-07-29 13:50:00+07:00
1785308100,4110.0,4120.0,4110.0,4120.0,764200.0,2026-07-29 13:55:00+07:00
1785308400,4120.0,4120.0,4110.0,4110.0,660300.0,2026-07-29 14:00:00+07:00
1785308700,4120.0,4120.0,4110.0,4110.0,536600.0,2026-07-29 14:05:00+07:00
1785309000,4110.0,4120.0,4110.0,4120.0,403700.0,2026-07-29 14:10:00+07:00
1785309300,4110.0,4120.0,4110.0,4110.0,1164400.0,2026-07-29 14:15:00+07:00
1785309600,4110.0,4120.0,4110.0,4120.0,534400.0,2026-07-29 14:20:00+07:00
1785309900,4120.0,4120.0,4100.0,4110.0,2122400.0,2026-07-29 14:25:00+07:00
1785310200,4100.0,4110.0,4100.0,4100.0,447200.0,2026-07-29 14:30:00+07:00
1785310500,4100.0,4110.0,4100.0,4100.0,559400.0,2026-07-29 14:35:00+07:00
1785310800,4100.0,4110.0,4100.0,4100.0,343700.0,2026-07-29 14:40:00+07:00
1785311100,4100.0,4110.0,4100.0,4110.0,487900.0,2026-07-29 14:45:00+07:00
1785311400,4100.0,4110.0,4100.0,4100.0,1079100.0,2026-07-29 14:50:00+07:00
1785311700,4110.0,4110.0,4100.0,4100.0,768600.0,2026-07-29 14:55:00+07:00
1785312000,4110.0,4110.0,4100.0,4100.0,976900.0,2026-07-29 15:00:00+07:00
1785312300,4110.0,4110.0,4100.0,4100.0,526300.0,2026-07-29 15:05:00+07:00
1785312600,4110.0,4110.0,4090.0,4100.0,3953700.0,2026-07-29 15:10:00+07:00
1785312900,4100.0,4110.0,4090.0,4100.0,1758200.0,2026-07-29 15:15:00+07:00
1785313200,4100.0,4110.0,4090.0,4100.0,2736500.0,2026-07-29 15:20:00+07:00
1785313500,4100.0,4110.0,4090.0,4090.0,1293000.0,2026-07-29 15:25:00+07:00
1785313800,4100.0,4100.0,4090.0,4090.0,900000.0,2026-07-29 15:30:00+07:00
1785314100,4100.0,4100.0,4090.0,4090.0,1787200.0,2026-07-29 15:35:00+07:00
1785314400,4090.0,4110.0,4090.0,4100.0,4021900.0,2026-07-29 15:40:00+07:00
1785314700,4100.0,4110.0,4090.0,4110.0,1906100.0,2026-07-29 15:45:00+07:00
1785315600,4090.0,4090.0,4090.0,4090.0,23375300.0,2026-07-29 16:00:00+07:00
1785315900,4090.0,4090.0,4090.0,4090.0,0.0,2026-07-29 16:05:00+07:00
1785316200,4090.0,4090.0,4090.0,4090.0,91600.0,2026-07-29 16:10:00+07:00
1785376800,4110.0,4130.0,4110.0,4120.0,0.0,2026-07-30 09:00:00+07:00
1785377100,4110.0,4120.0,4100.0,4120.0,1596300.0,2026-07-30 09:05:00+07:00
1785377400,4110.0,4120.0,4110.0,4120.0,268500.0,2026-07-30 09:10:00+07:00
1785377700,4110.0,4120.0,4110.0,4110.0,294600.0,2026-07-30 09:15:00+07:00
1785378000,4110.0,4120.0,4110.0,4110.0,401400.0,2026-07-30 09:20:00+07:00
1785378300,4110.0,4140.0,4110.0,4140.0,3453800.0,2026-07-30 09:25:00+07:00
1785378600,4130.0,4150.0,4130.0,4140.0,4490600.0,2026-07-30 09:30:00+07:00
1785378900,4140.0,4140.0,4130.0,4140.0,1863700.0,2026-07-30 09:35:00+07:00
1785379200,4130.0,4140.0,4130.0,4140.0,714800.0,2026-07-30 09:40:00+07:00
1785379500,4130.0,4150.0,4130.0,4140.0,3188200.0,2026-07-30 09:45:00+07:00
1785379800,4140.0,4180.0,4140.0,4170.0,6143200.0,2026-07-30 09:50:00+07:00
1785380100,4160.0,4190.0,4160.0,4180.0,4399100.0,2026-07-30 09:55:00+07:00
1785380400,4180.0,4200.0,4170.0,4180.0,6858000.0,2026-07-30 10:00:00+07:00
1785380700,4170.0,4180.0,4170.0,4170.0,709500.0,2026-07-30 10:05:00+07:00
1785381000,4170.0,4180.0,4160.0,4160.0,2209200.0,2026-07-30 10:10:00+07:00
1785381300,4160.0,4170.0,4160.0,4170.0,1110300.0,2026-07-30 10:15:00+07:00
1785381600,4160.0,4170.0,4160.0,4170.0,165100.0,2026-07-30 10:20:00+07:00
1785381900,4160.0,4170.0,4160.0,4160.0,524700.0,2026-07-30 10:25:00+07:00
1785382200,4160.0,4170.0,4160.0,4170.0,328500.0,2026-07-30 10:30:00+07:00
1785382500,4160.0,4170.0,4160.0,4170.0,983200.0,2026-07-30 10:35:00+07:00
1785382800,4160.0,4170.0,4160.0,4160.0,175700.0,2026-07-30 10:40:00+07:00
1785383100,4160.0,4170.0,4160.0,4170.0,119000.0,2026-07-30 10:45:00+07:00
1785383400,4160.0,4170.0,4160.0,4170.0,239800.0,2026-07-30 10:50:00+07:00
1785383700,4160.0,4170.0,4160.0,4160.0,283600.0,2026-07-30 10:55:00+07:00
1785384000,4160.0,4170.0,4150.0,4150.0,3455800.0,2026-07-30 11:00:00+07:00
1785384300,4150.0,4160.0,4150.0,4160.0,318100.0,2026-07-30 11:05:00+07:00
1785384600,4150.0,4160.0,4150.0,4150.0,268900.0,2026-07-30 11:10:00+07:00
1785384900,4150.0,4160.0,4150.0,4150.0,191800.0,2026-07-30 11:15:00+07:00
1785385200,4150.0,4160.0,4150.0,4160.0,253500.0,2026-07-30 11:20:00+07:00
1785385500,4150.0,4160.0,4150.0,4150.0,714200.0,2026-07-30 11:25:00+07:00
1785385800,4150.0,4160.0,4150.0,4150.0,418700.0,2026-07-30 11:30:00+07:00
1785386100,4150.0,4160.0,4140.0,4150.0,1517900.0,2026-07-30 11:35:00+07:00
1785386400,4140.0,4160.0,4140.0,4150.0,176500.0,2026-07-30 11:40:00+07:00
1785386700,4140.0,4150.0,4140.0,4140.0,156200.0,2026-07-30 11:45:00+07:00
1785387000,4140.0,4150.0,4140.0,4140.0,188900.0,2026-07-30 11:50:00+07:00
1785387300,4140.0,4160.0,4140.0,4160.0,2118300.0,2026-07-30 11:55:00+07:00
1785393000,4170.0,4170.0,4150.0,4170.0,2667500.0,2026-07-30 13:30:00+07:00
1785393300,4160.0,4170.0,4160.0,4170.0,270100.0,2026-07-30 13:35:00+07:00
1785393600,4170.0,4170.0,4150.0,4160.0,1534200.0,2026-07-30 13:40:00+07:00
1785393900,4150.0,4160.0,4150.0,4160.0,251200.0,2026-07-30 13:45:00+07:00
1785394200,4150.0,4160.0,4150.0,4160.0,290400.0,2026-07-30 13:50:00+07:00
1785394500,4150.0,4160.0,4150.0,4160.0,680800.0,2026-07-30 13:55:00+07:00
1785394800,4160.0,4170.0,4150.0,4160.0,2206100.0,2026-07-30 14:00:00+07:00
1785395100,4150.0,4160.0,4150.0,4150.0,253900.0,2026-07-30 14:05:00+07:00
1785395400,4150.0,4160.0,4150.0,4150.0,200600.0,2026-07-30 14:10:00+07:00
1785395700,4150.0,4150.0,4140.0,4150.0,2375800.0,2026-07-30 14:15:00+07:00
1785396000,4140.0,4150.0,4140.0,4150.0,335800.0,2026-07-30 14:20:00+07:00
1785396300,4150.0,4150.0,4140.0,4150.0,229700.0,2026-07-30 14:25:00+07:00
1785396600,4140.0,4160.0,4140.0,4150.0,2350700.0,2026-07-30 14:30:00+07:00
1785396900,4140.0,4150.0,4140.0,4150.0,465200.0,2026-07-30 14:35:00+07:00
1785397200,4140.0,4150.0,4140.0,4150.0,482700.0,2026-07-30 14:40:00+07:00
1785397500,4140.0,4150.0,4140.0,4140.0,347500.0,2026-07-30 14:45:00+07:00
1785397800,4140.0,4150.0,4140.0,4150.0,1367500.0,2026-07-30 14:50:00+07:00
1785398100,4140.0,4150.0,4140.0,4140.0,201200.0,2026-07-30 14:55:00+07:00
1785398400,4140.0,4150.0,4140.0,4140.0,736800.0,2026-07-30 15:00:00+07:00
1785398700,4150.0,4150.0,4140.0,4150.0,319000.0,2026-07-30 15:05:00+07:00
1785399000,4140.0,4160.0,4140.0,4160.0,2583900.0,2026-07-30 15:10:00+07:00
1785399300,4150.0,4160.0,4150.0,4160.0,452000.0,2026-07-30 15:15:00+07:00
1785399600,4150.0,4160.0,4150.0,4150.0,399400.0,2026-07-30 15:20:00+07:00
1785399900,4150.0,4160.0,4150.0,4160.0,329300.0,2026-07-30 15:25:00+07:00
1785400200,4150.0,4160.0,4150.0,4160.0,457400.0,2026-07-30 15:30:00+07:00
1785400500,4150.0,4160.0,4150.0,4150.0,2219300.0,2026-07-30 15:35:00+07:00
1785400800,4150.0,4160.0,4140.0,4150.0,4045600.0,2026-07-30 15:40:00+07:00
1785401100,4140.0,4150.0,4130.0,4140.0,3923900.0,2026-07-30 15:45:00+07:00
1785402000,4160.0,4160.0,4160.0,4160.0,14303300.0,2026-07-30 16:00:00+07:00
1785402300,4160.0,4160.0,4160.0,4160.0,125600.0,2026-07-30 16:05:00+07:00
1785402600,4160.0,4160.0,4160.0,4160.0,238800.0,2026-07-30 16:10:00+07:00
1785463200,4190.0,4190.0,4170.0,4180.0,0.0,2026-07-31 09:00:00+07:00
1785463500,4180.0,4180.0,4160.0,4160.0,2312600.0,2026-07-31 09:05:00+07:00
1785463800,4170.0,4170.0,4160.0,4160.0,963900.0,2026-07-31 09:10:00+07:00
1785464100,4170.0,4180.0,4160.0,4180.0,2010200.0,2026-07-31 09:15:00+07:00
1785464400,4180.0,4180.0,4170.0,4170.0,2867900.0,2026-07-31 09:20:00+07:00
1785464700,4170.0,4180.0,4170.0,4170.0,748700.0,2026-07-31 09:25:00+07:00
1785465000,4180.0,4180.0,4170.0,4180.0,699100.0,2026-07-31 09:30:00+07:00
1785465300,4180.0,4180.0,4170.0,4180.0,598700.0,2026-07-31 09:35:00+07:00
1785465600,4180.0,4180.0,4170.0,4180.0,704800.0,2026-07-31 09:40:00+07:00
1785465900,4180.0,4190.0,4170.0,4190.0,2752300.0,2026-07-31 09:45:00+07:00
1785466200,4190.0,4190.0,4180.0,4190.0,1971500.0,2026-07-31 09:50:00+07:00
1785466500,4190.0,4190.0,4170.0,4180.0,1013500.0,2026-07-31 09:55:00+07:00
1785466800,4180.0,4190.0,4170.0,4190.0,778500.0,2026-07-31 10:00:00+07:00
1785467100,4190.0,4190.0,4170.0,4170.0,1166600.0,2026-07-31 10:05:00+07:00
1785467400,4170.0,4180.0,4170.0,4180.0,617700.0,2026-07-31 10:10:00+07:00
1785467700,4180.0,4180.0,4160.0,4180.0,4661500.0,2026-07-31 10:15:00+07:00
1785468000,4180.0,4180.0,4170.0,4170.0,184600.0,2026-07-31 10:20:00+07:00
1785468300,4180.0,4180.0,4170.0,4170.0,124100.0,2026-07-31 10:25:00+07:00
1785468600,4180.0,4180.0,4170.0,4170.0,279300.0,2026-07-31 10:30:00+07:00
1785468900,4170.0,4180.0,4170.0,4180.0,557800.0,2026-07-31 10:35:00+07:00
1785469200,4170.0,4180.0,4170.0,4180.0,435800.0,2026-07-31 10:40:00+07:00
1785469500,4180.0,4180.0,4170.0,4180.0,620700.0,2026-07-31 10:45:00+07:00
1785469800,4170.0,4180.0,4170.0,4180.0,525300.0,2026-07-31 10:50:00+07:00
1785470100,4180.0,4180.0,4170.0,4170.0,434500.0,2026-07-31 10:55:00+07:00
1785470400,4180.0,4180.0,4160.0,4170.0,3808800.0,2026-07-31 11:00:00+07:00
1785470700,4160.0,4170.0,4160.0,4170.0,311600.0,2026-07-31 11:05:00+07:00
1785471000,4170.0,4170.0,4160.0,4170.0,519600.0,2026-07-31 11:10:00+07:00
1785471300,4170.0,4180.0,4160.0,4180.0,513600.0,2026-07-31 11:15:00+07:00
1785471600,4180.0,4180.0,4170.0,4180.0,1060800.0,2026-07-31 11:20:00+07:00
1785471900,4170.0,4180.0,4170.0,4180.0,705900.0,2026-07-31 11:25:00+07:00
1785481200,4170.0,4190.0,4170.0,4190.0,1940500.0,2026-07-31 14:00:00+07:00
1785481500,4190.0,4190.0,4180.0,4180.0,640600.0,2026-07-31 14:05:00+07:00
1785481800,4190.0,4190.0,4180.0,4180.0,797000.0,2026-07-31 14:10:00+07:00
1785482100,4180.0,4190.0,4180.0,4190.0,1008200.0,2026-07-31 14:15:00+07:00
1785482400,4180.0,4190.0,4180.0,4180.0,1358600.0,2026-07-31 14:20:00+07:00
1785482700,4190.0,4200.0,4180.0,4190.0,2545600.0,2026-07-31 14:25:00+07:00
1785483000,4180.0,4200.0,4180.0,4190.0,814800.0,2026-07-31 14:30:00+07:00
1785483300,4190.0,4190.0,4180.0,4180.0,852000.0,2026-07-31 14:35:00+07:00
1785483600,4190.0,4190.0,4180.0,4190.0,411900.0,2026-07-31 14:40:00+07:00
1785483900,4180.0,4190.0,4180.0,4180.0,875800.0,2026-07-31 14:45:00+07:00
1785484200,4190.0,4190.0,4180.0,4190.0,675000.0,2026-07-31 14:50:00+07:00
1785484500,4190.0,4190.0,4180.0,4190.0,979200.0,2026-07-31 14:55:00+07:00
1785484800,4190.0,4190.0,4180.0,4180.0,714000.0,2026-07-31 15:00:00+07:00
1785485100,4180.0,4190.0,4180.0,4180.0,861500.0,2026-07-31 15:05:00+07:00
1785485400,4190.0,4190.0,4180.0,4190.0,1974100.0,2026-07-31 15:10:00+07:00
1785485700,4190.0,4200.0,4180.0,4200.0,2541100.0,2026-07-31 15:15:00+07:00
1785486000,4200.0,4200.0,4190.0,4190.0,968900.0,2026-07-31 15:20:00+07:00
1785486300,4190.0,4200.0,4190.0,4200.0,765100.0,2026-07-31 15:25:00+07:00
1785486600,4190.0,4200.0,4190.0,4200.0,1932100.0,2026-07-31 15:30:00+07:00
1785486900,4200.0,4200.0,4190.0,4190.0,783700.0,2026-07-31 15:35:00+07:00
1785487200,4200.0,4200.0,4190.0,4200.0,2116300.0,2026-07-31 15:40:00+07:00
1785487500,4190.0,4200.0,4190.0,4190.0,3328500.0,2026-07-31 15:45:00+07:00
1785488400,4190.0,4190.0,4190.0,4190.0,28919200.0,2026-07-31 16:00:00+07:00
1785488700,4190.0,4190.0,4190.0,4190.0,185400.0,2026-07-31 16:05:00+07:00
1785489000,4190.0,4190.0,4190.0,4190.0,113100.0,2026-07-31 16:10:00+07:00
1785722400,4220.0,4230.0,4170.0,4180.0,0.0,2026-08-03 09:00:00+07:00
1785722700,4180.0,4180.0,4160.0,4170.0,5376200.0,2026-08-03 09:05:00+07:00
1785723000,4170.0,4170.0,4140.0,4150.0,7270900.0,2026-08-03 09:10:00+07:00
1785723300,4140.0,4160.0,4140.0,4160.0,2077800.0,2026-08-03 09:15:00+07:00
1785723600,4160.0,4170.0,4150.0,4170.0,950200.0,2026-08-03 09:20:00+07:00
1785723900,4170.0,4180.0,4160.0,4180.0,2189800.0,2026-08-03 09:25:00+07:00
1785724200,4180.0,4180.0,4160.0,4180.0,1872200.0,2026-08-03 09:30:00+07:00
1785724500,4170.0,4180.0,4160.0,4170.0,1825100.0,2026-08-03 09:35:00+07:00
1785724800,4170.0,4170.0,4160.0,4170.0,383700.0,2026-08-03 09:40:00+07:00
1785725100,4170.0,4180.0,4160.0,4180.0,1241800.0,2026-08-03 09:45:00+07:00
1785725400,4170.0,4180.0,4170.0,4180.0,737200.0,2026-08-03 09:50:00+07:00
1785725700,4170.0,4180.0,4170.0,4180.0,416800.0,2026-08-03 09:55:00+07:00
1785726000,4170.0,4180.0,4170.0,4180.0,1618800.0,2026-08-03 10:00:00+07:00
1785726300,4170.0,4180.0,4170.0,4180.0,614800.0,2026-08-03 10:05:00+07:00
1785726600,4180.0,4180.0,4170.0,4180.0,458000.0,2026-08-03 10:10:00+07:00
1785726900,4170.0,4180.0,4160.0,4160.0,2785300.0,2026-08-03 10:15:00+07:00
1785727200,4170.0,4180.0,4170.0,4170.0,536100.0,2026-08-03 10:20:00+07:00
1785727500,4170.0,4170.0,4160.0,4170.0,262600.0,2026-08-03 10:25:00+07:00
1785727800,4160.0,4170.0,4160.0,4170.0,234600.0,2026-08-03 10:30:00+07:00
1785728100,4160.0,4170.0,4160.0,4170.0,344600.0,2026-08-03 10:35:00+07:00
1785728400,4170.0,4170.0,4160.0,4170.0,396100.0,2026-08-03 10:40:00+07:00
1785728700,4170.0,4180.0,4160.0,4180.0,1205100.0,2026-08-03 10:45:00+07:00
1785729000,4170.0,4180.0,4170.0,4170.0,207800.0,2026-08-03 10:50:00+07:00
1785729300,4180.0,4180.0,4170.0,4180.0,180100.0,2026-08-03 10:55:00+07:00
1785729600,4170.0,4180.0,4160.0,4160.0,502400.0,2026-08-03 11:00:00+07:00
1785729900,4160.0,4170.0,4160.0,4160.0,212700.0,2026-08-03 11:05:00+07:00
1785730200,4160.0,4170.0,4160.0,4170.0,163500.0,2026-08-03 11:10:00+07:00
1785730500,4170.0,4170.0,4160.0,4170.0,212700.0,2026-08-03 11:15:00+07:00
1785730800,4160.0,4170.0,4160.0,4170.0,357100.0,2026-08-03 11:20:00+07:00
1785731100,4170.0,4170.0,4160.0,4170.0,1213900.0,2026-08-03 11:25:00+07:00
1785731400,4170.0,4170.0,4160.0,4170.0,461700.0,2026-08-03 11:30:00+07:00
1785731700,4160.0,4170.0,4160.0,4170.0,93600.0,2026-08-03 11:35:00+07:00
1785732000,4170.0,4170.0,4160.0,4160.0,177100.0,2026-08-03 11:40:00+07:00
1785732300,4160.0,4170.0,4160.0,4170.0,271200.0,2026-08-03 11:45:00+07:00
1785732600,4170.0,4170.0,4160.0,4170.0,254200.0,2026-08-03 11:50:00+07:00
1785732900,4170.0,4170.0,4160.0,4160.0,866000.0,2026-08-03 11:55:00+07:00
1785738600,4170.0,4170.0,4160.0,4160.0,923700.0,2026-08-03 13:30:00+07:00
1785738900,4160.0,4170.0,4160.0,4160.0,306700.0,2026-08-03 13:35:00+07:00
1785739200,4170.0,4170.0,4160.0,4160.0,528600.0,2026-08-03 13:40:00+07:00
1785739500,4160.0,4170.0,4160.0,4170.0,1843000.0,2026-08-03 13:45:00+07:00
1785739800,4160.0,4170.0,4160.0,4170.0,471500.0,2026-08-03 13:50:00+07:00
1785740100,4170.0,4170.0,4160.0,4160.0,440000.0,2026-08-03 13:55:00+07:00
1785740400,4160.0,4170.0,4160.0,4170.0,431100.0,2026-08-03 14:00:00+07:00
1785740700,4170.0,4170.0,4160.0,4170.0,1280200.0,2026-08-03 14:05:00+07:00
1785741000,4170.0,4170.0,4160.0,4170.0,376100.0,2026-08-03 14:10:00+07:00
1785741300,4170.0,4170.0,4160.0,4170.0,328600.0,2026-08-03 14:15:00+07:00
1785741600,4170.0,4170.0,4160.0,4160.0,219100.0,2026-08-03 14:20:00+07:00
1785741900,4170.0,4170.0,4160.0,4160.0,289600.0,2026-08-03 14:25:00+07:00
1785742200,4170.0,4170.0,4160.0,4170.0,700800.0,2026-08-03 14:30:00+07:00
1785742500,4170.0,4180.0,4160.0,4180.0,1100700.0,2026-08-03 14:35:00+07:00
1785742800,4180.0,4180.0,4170.0,4170.0,936800.0,2026-08-03 14:40:00+07:00
1785743100,4170.0,4180.0,4170.0,4170.0,193800.0,2026-08-03 14:45:00+07:00
1785743400,4170.0,4180.0,4170.0,4170.0,246000.0,2026-08-03 14:50:00+07:00
1785743700,4180.0,4180.0,4170.0,4180.0,1715500.0,2026-08-03 14:55:00+07:00
1785744000,4170.0,4180.0,4170.0,4170.0,435100.0,2026-08-03 15:00:00+07:00
1785744300,4180.0,4180.0,4170.0,4180.0,138000.0,2026-08-03 15:05:00+07:00
1785744600,4180.0,4180.0,4170.0,4170.0,205000.0,2026-08-03 15:10:00+07:00
1785744900,4180.0,4180.0,4170.0,4170.0,265600.0,2026-08-03 15:15:00+07:00
1785745200,4170.0,4180.0,4170.0,4180.0,512100.0,2026-08-03 15:20:00+07:00
1785745500,4180.0,4180.0,4170.0,4180.0,439100.0,2026-08-03 15:25:00+07:00
1785745800,4180.0,4180.0,4170.0,4170.0,387800.0,2026-08-03 15:30:00+07:00
1785746100,4170.0,4180.0,4160.0,4160.0,1454000.0,2026-08-03 15:35:00+07:00
1785746400,4170.0,4170.0,4160.0,4170.0,1510400.0,2026-08-03 15:40:00+07:00
1785746700,4160.0,4170.0,4160.0,4160.0,1621000.0,2026-08-03 15:45:00+07:00
1785747600,4170.0,4170.0,4170.0,4170.0,7110700.0,2026-08-03 16:00:00+07:00
1785747900,4170.0,4170.0,4170.0,4170.0,162500.0,2026-08-03 16:05:00+07:00
1785748200,4170.0,4170.0,4170.0,4170.0,102800.0,2026-08-03 16:10:00+07:00
1785808800,4180.0,4210.0,4170.0,4200.0,0.0,2026-08-04 09:00:00+07:00
1785809100,4200.0,4200.0,4180.0,4190.0,1706300.0,2026-08-04 09:05:00+07:00
1785809400,4180.0,4200.0,4180.0,4190.0,473700.0,2026-08-04 09:10:00+07:00
1785809700,4200.0,4200.0,4190.0,4200.0,692800.0,2026-08-04 09:15:00+07:00
1785810000,4200.0,4220.0,4190.0,4210.0,4706500.0,2026-08-04 09:20:00+07:00
1785810300,4210.0,4220.0,4210.0,4220.0,1818800.0,2026-08-04 09:25:00+07:00
1785810600,4220.0,4220.0,4190.0,4190.0,2857600.0,2026-08-04 09:30:00+07:00
1785810900,4200.0,4200.0,4190.0,4200.0,1084700.0,2026-08-04 09:35:00+07:00
1785811200,4200.0,4200.0,4190.0,4200.0,409500.0,2026-08-04 09:40:00+07:00
1785811500,4200.0,4210.0,4200.0,4210.0,1948700.0,2026-08-04 09:45:00+07:00
1785811800,4210.0,4210.0,4200.0,4200.0,1202700.0,2026-08-04 09:50:00+07:00
1785812100,4210.0,4210.0,4190.0,4200.0,1457600.0,2026-08-04 09:55:00+07:00
1785812400,4200.0,4210.0,4200.0,4200.0,1122200.0,2026-08-04 10:00:00+07:00
1785812700,4200.0,4210.0,4200.0,4200.0,1621300.0,2026-08-04 10:05:00+07:00
1785813000,4200.0,4210.0,4190.0,4210.0,598000.0,2026-08-04 10:10:00+07:00
1785813300,4210.0,4210.0,4200.0,4200.0,480500.0,2026-08-04 10:15:00+07:00
1785813600,4210.0,4210.0,4190.0,4200.0,2210000.0,2026-08-04 10:20:00+07:00
1785813900,4210.0,4220.0,4200.0,4210.0,2481700.0,2026-08-04 10:25:00+07:00
1785814200,4220.0,4220.0,4210.0,4220.0,295600.0,2026-08-04 10:30:00+07:00
1785814500,4220.0,4220.0,4200.0,4210.0,3483300.0,2026-08-04 10:35:00+07:00
1785814800,4210.0,4210.0,4200.0,4210.0,455100.0,2026-08-04 10:40:00+07:00
1785815100,4210.0,4210.0,4200.0,4210.0,265600.0,2026-08-04 10:45:00+07:00
1785815400,4210.0,4210.0,4200.0,4210.0,305000.0,2026-08-04 10:50:00+07:00
1785815700,4210.0,4210.0,4200.0,4210.0,1277900.0,2026-08-04 10:55:00+07:00
1785816000,4210.0,4210.0,4190.0,4190.0,803500.0,2026-08-04 11:00:00+07:00
1785816300,4190.0,4200.0,4190.0,4190.0,324100.0,2026-08-04 11:05:00+07:00
1785816600,4200.0,4200.0,4190.0,4190.0,304500.0,2026-08-04 11:10:00+07:00
1785816900,4200.0,4210.0,4190.0,4210.0,723000.0,2026-08-04 11:15:00+07:00
1785817200,4200.0,4210.0,4200.0,4200.0,401700.0,2026-08-04 11:20:00+07:00
1785817500,4200.0,4210.0,4190.0,4210.0,640600.0,2026-08-04 11:25:00+07:00
1785817800,4200.0,4200.0,4190.0,4190.0,325900.0,2026-08-04 11:30:00+07:00
1785818100,4190.0,4200.0,4190.0,4190.0,154900.0,2026-08-04 11:35:00+07:00
1785818400,4190.0,4200.0,4190.0,4190.0,209100.0,2026-08-04 11:40:00+07:00
1785818700,4190.0,4200.0,4190.0,4200.0,180100.0,2026-08-04 11:45:00+07:00
1785819000,4190.0,4200.0,4190.0,4200.0,322900.0,2026-08-04 11:50:00+07:00
1785819300,4200.0,4200.0,4190.0,4190.0,651600.0,2026-08-04 11:55:00+07:00
1785825000,4190.0,4200.0,4190.0,4190.0,447600.0,2026-08-04 13:30:00+07:00
1785825300,4190.0,4200.0,4180.0,4180.0,4196100.0,2026-08-04 13:35:00+07:00
1785825600,4180.0,4190.0,4180.0,4180.0,1155500.0,2026-08-04 13:40:00+07:00
1785825900,4190.0,4190.0,4170.0,4180.0,1763700.0,2026-08-04 13:45:00+07:00
1785826200,4180.0,4190.0,4170.0,4190.0,214800.0,2026-08-04 13:50:00+07:00
1785826500,4180.0,4190.0,4180.0,4190.0,275900.0,2026-08-04 13:55:00+07:00
1785826800,4180.0,4190.0,4180.0,4190.0,305900.0,2026-08-04 14:00:00+07:00
1785827100,4190.0,4190.0,4180.0,4180.0,184000.0,2026-08-04 14:05:00+07:00
1785827400,4180.0,4190.0,4180.0,4190.0,213200.0,2026-08-04 14:10:00+07:00
1785827700,4190.0,4190.0,4180.0,4180.0,259000.0,2026-08-04 14:15:00+07:00
1785828000,4180.0,4190.0,4180.0,4190.0,431100.0,2026-08-04 14:20:00+07:00
1785828300,4180.0,4190.0,4180.0,4190.0,518600.0,2026-08-04 14:25:00+07:00
1785828600,4190.0,4190.0,4180.0,4190.0,405800.0,2026-08-04 14:30:00+07:00
1785828900,4190.0,4190.0,4180.0,4180.0,181100.0,2026-08-04 14:35:00+07:00
1785829200,4190.0,4200.0,4180.0,4200.0,1574200.0,2026-08-04 14:40:00+07:00
1785829500,4190.0,4200.0,4180.0,4190.0,1526500.0,2026-08-04 14:45:00+07:00
1785829800,4180.0,4190.0,4180.0,4190.0,246500.0,2026-08-04 14:50:00+07:00
1785830100,4180.0,4190.0,4180.0,4190.0,1228900.0,2026-08-04 14:55:00+07:00
1785830400,4180.0,4190.0,4180.0,4190.0,217400.0,2026-08-04 15:00:00+07:00
1785830700,4190.0,4200.0,4180.0,4200.0,2365100.0,2026-08-04 15:05:00+07:00
1785831000,4200.0,4200.0,4190.0,4190.0,592200.0,2026-08-04 15:10:00+07:00
1785831300,4190.0,4200.0,4190.0,4200.0,506500.0,2026-08-04 15:15:00+07:00
1785831600,4200.0,4200.0,4190.0,4200.0,1426100.0,2026-08-04 15:20:00+07:00
1785831900,4200.0,4210.0,4190.0,4200.0,2318000.0,2026-08-04 15:25:00+07:00
1785832200,4200.0,4210.0,4200.0,4210.0,1845100.0,2026-08-04 15:30:00+07:00
1785832500,4210.0,4210.0,4200.0,4210.0,2849700.0,2026-08-04 15:35:00+07:00
1785832800,4210.0,4220.0,4200.0,4220.0,4892100.0,2026-08-04 15:40:00+07:00
1785833100,4220.0,4230.0,4210.0,4230.0,8294600.0,2026-08-04 15:45:00+07:00
1785834000,4260.0,4260.0,4260.0,4260.0,36341000.0,2026-08-04 16:00:00+07:00
1785834300,4260.0,4260.0,4260.0,4260.0,64000.0,2026-08-04 16:05:00+07:00
1785834600,4260.0,4260.0,4260.0,4260.0,167000.0,2026-08-04 16:10:00+07:00
1785895200,4260.0,4260.0,4220.0,4230.0,0.0,2026-08-05 09:00:00+07:00
1785895500,4230.0,4240.0,4220.0,4240.0,3570100.0,2026-08-05 09:05:00+07:00
1785895800,4240.0,4250.0,4230.0,4240.0,2378000.0,2026-08-05 09:10:00+07:00
1785896100,4240.0,4250.0,4240.0,4240.0,680200.0,2026-08-05 09:15:00+07:00
1785896400,4240.0,4250.0,4230.0,4240.0,5489800.0,2026-08-05 09:20:00+07:00
1785896700,4230.0,4240.0,4230.0,4240.0,920600.0,2026-08-05 09:25:00+07:00
1785897000,4240.0,4250.0,4230.0,4250.0,1607300.0,2026-08-05 09:30:00+07:00
1785897300,4250.0,4260.0,4250.0,4250.0,2113300.0,2026-08-05 09:35:00+07:00
1785897600,4250.0,4260.0,4250.0,4260.0,554100.0,2026-08-05 09:40:00+07:00
1785897900,4250.0,4260.0,4250.0,4260.0,780600.0,2026-08-05 09:45:00+07:00
1785898200,4260.0,4270.0,4250.0,4270.0,4160400.0,2026-08-05 09:50:00+07:00
1785898500,4270.0,4270.0,4260.0,4270.0,2023900.0,2026-08-05 09:55:00+07:00
1785898800,4270.0,4270.0,4260.0,4270.0,767900.0,2026-08-05 10:00:00+07:00
1785899100,4270.0,4270.0,4260.0,4270.0,1663400.0,2026-08-05 10:05:00+07:00
1785899400,4270.0,4280.0,4260.0,4270.0,2577800.0,2026-08-05 10:10:00+07:00
1785899700,4270.0,4270.0,4260.0,4270.0,597500.0,2026-08-05 10:15:00+07:00
1785900000,4270.0,4270.0,4260.0,4260.0,230600.0,2026-08-05 10:20:00+07:00
1785900300,4260.0,4270.0,4260.0,4260.0,511600.0,2026-08-05 10:25:00+07:00
1785900600,4270.0,4270.0,4260.0,4260.0,549600.0,2026-08-05 10:30:00+07:00
1785900900,4260.0,4270.0,4260.0,4260.0,672800.0,2026-08-05 10:35:00+07:00
1785901200,4270.0,4270.0,4260.0,4270.0,343500.0,2026-08-05 10:40:00+07:00
1785901500,4260.0,4270.0,4260.0,4270.0,460900.0,2026-08-05 10:45:00+07:00
1785901800,4270.0,4270.0,4250.0,4260.0,5078300.0,2026-08-05 10:50:00+07:00
1785902100,4260.0,4260.0,4250.0,4260.0,504800.0,2026-08-05 10:55:00+07:00
1785902400,4250.0,4260.0,4250.0,4250.0,858700.0,2026-08-05 11:00:00+07:00
1785902700,4250.0,4260.0,4250.0,4250.0,518400.0,2026-08-05 11:05:00+07:00
1785903000,4250.0,4260.0,4250.0,4250.0,637700.0,2026-08-05 11:10:00+07:00
1785903300,4260.0,4270.0,4250.0,4260.0,5112000.0,2026-08-05 11:15:00+07:00
1785903600,4260.0,4260.0,4250.0,4250.0,214300.0,2026-08-05 11:20:00+07:00
1785903900,4260.0,4260.0,4250.0,4260.0,101900.0,2026-08-05 11:25:00+07:00
1785904200,4260.0,4260.0,4250.0,4260.0,756000.0,2026-08-05 11:30:00+07:00
1785904500,4250.0,4260.0,4250.0,4260.0,323300.0,2026-08-05 11:35:00+07:00
1785904800,4260.0,4260.0,4250.0,4260.0,556800.0,2026-08-05 11:40:00+07:00
1785905100,4260.0,4260.0,4250.0,4250.0,388500.0,2026-08-05 11:45:00+07:00
1785905400,4260.0,4260.0,4250.0,4260.0,748600.0,2026-08-05 11:50:00+07:00
1785905700,4260.0,4270.0,4250.0,4270.0,2060200.0,2026-08-05 11:55:00+07:00
1785911400,4260.0,4270.0,4250.0,4260.0,2721300.0,2026-08-05 13:30:00+07:00
1785911700,4260.0,4260.0,4250.0,4260.0,491900.0,2026-08-05 13:35:00+07:00
1785912000,4260.0,4260.0,4250.0,4260.0,606300.0,2026-08-05 13:40:00+07:00
1785912300,4260.0,4260.0,4240.0,4250.0,3863700.0,2026-08-05 13:45:00+07:00
1785912600,4250.0,4250.0,4240.0,4250.0,293000.0,2026-08-05 13:50:00+07:00
1785912900,4250.0,4250.0,4240.0,4240.0,372800.0,2026-08-05 13:55:00+07:00
1785913200,4250.0,4260.0,4240.0,4240.0,4831200.0,2026-08-05 14:00:00+07:00
1785913500,4250.0,4260.0,4240.0,4260.0,1096200.0,2026-08-05 14:05:00+07:00
1785913800,4260.0,4260.0,4240.0,4250.0,1287100.0,2026-08-05 14:10:00+07:00
1785914100,4250.0,4250.0,4240.0,4250.0,313800.0,2026-08-05 14:15:00+07:00
1785914400,4250.0,4250.0,4240.0,4250.0,437200.0,2026-08-05 14:20:00+07:00
1785914700,4250.0,4250.0,4240.0,4240.0,2561300.0,2026-08-05 14:25:00+07:00
1785915000,4250.0,4250.0,4230.0,4230.0,2052800.0,2026-08-05 14:30:00+07:00
1785915300,4240.0,4240.0,4230.0,4240.0,581500.0,2026-08-05 14:35:00+07:00
1785915600,4240.0,4240.0,4230.0,4230.0,1165800.0,2026-08-05 14:40:00+07:00
1785915900,4240.0,4240.0,4230.0,4230.0,1559700.0,2026-08-05 14:45:00+07:00
1785916200,4240.0,4240.0,4230.0,4240.0,707300.0,2026-08-05 14:50:00+07:00
1785916500,4230.0,4240.0,4220.0,4220.0,2382300.0,2026-08-05 14:55:00+07:00
1785916800,4230.0,4230.0,4220.0,4230.0,608300.0,2026-08-05 15:00:00+07:00
1785917100,4230.0,4240.0,4220.0,4240.0,2764300.0,2026-08-05 15:05:00+07:00
1785917400,4240.0,4240.0,4220.0,4230.0,1921200.0,2026-08-05 15:10:00+07:00
1785917700,4240.0,4240.0,4230.0,4230.0,664700.0,2026-08-05 15:15:00+07:00
1785918000,4240.0,4240.0,4230.0,4240.0,610500.0,2026-08-05 15:20:00+07:00
1785918300,4240.0,4240.0,4230.0,4230.0,732600.0,2026-08-05 15:25:00+07:00
1785918600,4240.0,4240.0,4230.0,4230.0,1053600.0,2026-08-05 15:30:00+07:00
1785918900,4240.0,4250.0,4230.0,4240.0,5220100.0,2026-08-05 15:35:00+07:00
1785919200,4240.0,4240.0,4230.0,4230.0,1295300.0,2026-08-05 15:40:00+07:00
1785919500,4240.0,4240.0,4220.0,4220.0,2042200.0,2026-08-05 15:45:00+07:00
1785920400,4220.0,4220.0,4220.0,4220.0,14887100.0,2026-08-05 16:00:00+07:00
1785920700,4220.0,4220.0,4220.0,4220.0,611300.0,2026-08-05 16:05:00+07:00
1785921000,4220.0,4220.0,4220.0,4220.0,594600.0,2026-08-05 16:10:00+07:00
1785981600,4240.0,4250.0,4230.0,4250.0,0.0,2026-08-06 09:00:00+07:00
1785981900,4250.0,4260.0,4240.0,4260.0,2572200.0,2026-08-06 09:05:00+07:00
1785982200,4260.0,4260.0,4250.0,4250.0,1239000.0,2026-08-06 09:10:00+07:00
1785982500,4260.0,4260.0,4250.0,4260.0,1466000.0,2026-08-06 09:15:00+07:00
1785982800,4250.0,4280.0,4250.0,4270.0,5620200.0,2026-08-06 09:20:00+07:00
1785983100,4270.0,4280.0,4270.0,4270.0,794600.0,2026-08-06 09:25:00+07:00
1785983400,4270.0,4280.0,4260.0,4260.0,2349500.0,2026-08-06 09:30:00+07:00
1785983700,4260.0,4270.0,4250.0,4250.0,2925600.0,2026-08-06 09:35:00+07:00
1785984000,4250.0,4260.0,4220.0,4230.0,9451000.0,2026-08-06 09:40:00+07:00
1785984300,4230.0,4240.0,4230.0,4240.0,1384900.0,2026-08-06 09:45:00+07:00
1785984600,4240.0,4240.0,4230.0,4230.0,683100.0,2026-08-06 09:50:00+07:00
1785984900,4230.0,4240.0,4230.0,4230.0,1302800.0,2026-08-06 09:55:00+07:00
1785985200,4240.0,4240.0,4230.0,4230.0,125400.0,2026-08-06 10:00:00+07:00
1785985500,4230.0,4240.0,4230.0,4230.0,2630200.0,2026-08-06 10:05:00+07:00
1785985800,4230.0,4240.0,4230.0,4230.0,2121900.0,2026-08-06 10:10:00+07:00
1785986100,4240.0,4240.0,4230.0,4230.0,678900.0,2026-08-06 10:15:00+07:00
1785986400,4240.0,4240.0,4220.0,4220.0,591000.0,2026-08-06 10:20:00+07:00
1785986700,4230.0,4230.0,4220.0,4230.0,620100.0,2026-08-06 10:25:00+07:00
1785987000,4230.0,4230.0,4220.0,4230.0,2878500.0,2026-08-06 10:30:00+07:00
1785987300,4230.0,4230.0,4220.0,4230.0,823500.0,2026-08-06 10:35:00+07:00
1785987600,4230.0,4230.0,4220.0,4230.0,716800.0,2026-08-06 10:40:00+07:00
1785987900,4220.0,4230.0,4220.0,4220.0,65800.0,2026-08-06 10:45:00+07:00
1785988200,4220.0,4230.0,4220.0,4230.0,366800.0,2026-08-06 10:50:00+07:00
1785988500,4220.0,4230.0,4220.0,4230.0,451000.0,2026-08-06 10:55:00+07:00
1785988800,4230.0,4230.0,4220.0,4230.0,869600.0,2026-08-06 11:00:00+07:00
1785989100,4230.0,4230.0,4220.0,4220.0,167800.0,2026-08-06 11:05:00+07:00
1785989400,4220.0,4230.0,4220.0,4230.0,387600.0,2026-08-06 11:10:00+07:00
1785989700,4220.0,4230.0,4220.0,4220.0,507500.0,2026-08-06 11:15:00+07:00
1785990000,4230.0,4230.0,4220.0,4230.0,1543800.0,2026-08-06 11:20:00+07:00
1785990300,4230.0,4230.0,4220.0,4230.0,89400.0,2026-08-06 11:25:00+07:00
1785990600,4230.0,4230.0,4220.0,4220.0,443000.0,2026-08-06 11:30:00+07:00
1785990900,4230.0,4230.0,4220.0,4220.0,80400.0,2026-08-06 11:35:00+07:00
1785991200,4230.0,4230.0,4220.0,4230.0,441800.0,2026-08-06 11:40:00+07:00
1785991500,4230.0,4230.0,4220.0,4220.0,2822700.0,2026-08-06 11:45:00+07:00
1785991800,4220.0,4230.0,4220.0,4220.0,703400.0,2026-08-06 11:50:00+07:00
1785992100,4220.0,4230.0,4220.0,4230.0,556000.0,2026-08-06 11:55:00+07:00
1785997800,4230.0,4230.0,4220.0,4230.0,932600.0,2026-08-06 13:30:00+07:00
1785998100,4230.0,4230.0,4220.0,4220.0,185300.0,2026-08-06 13:35:00+07:00
1785998400,4220.0,4230.0,4220.0,4230.0,711900.0,2026-08-06 13:40:00+07:00
1785998700,4230.0,4230.0,4220.0,4220.0,196300.0,2026-08-06 13:45:00+07:00
1785999000,4220.0,4230.0,4220.0,4230.0,420100.0,2026-08-06 13:50:00+07:00
1785999300,4230.0,4230.0,4220.0,4230.0,172000.0,2026-08-06 13:55:00+07:00
1785999600,4230.0,4230.0,4220.0,4220.0,946200.0,2026-08-06 14:00:00+07:00
1785999900,4220.0,4230.0,4220.0,4220.0,625600.0,2026-08-06 14:05:00+07:00
1786000200,4220.0,4230.0,4220.0,4220.0,559900.0,2026-08-06 14:10:00+07:00
1786000500,4220.0,4230.0,4210.0,4220.0,4824300.0,2026-08-06 14:15:00+07:00
1786000800,4210.0,4220.0,4200.0,4210.0,2305200.0,2026-08-06 14:20:00+07:00
1786001100,4210.0,4210.0,4200.0,4210.0,390900.0,2026-08-06 14:25:00+07:00
1786001400,4210.0,4210.0,4200.0,4210.0,997100.0,2026-08-06 14:30:00+07:00
1786001700,4210.0,4220.0,4200.0,4210.0,1658100.0,2026-08-06 14:35:00+07:00
1786002000,4220.0,4230.0,4210.0,4220.0,2413100.0,2026-08-06 14:40:00+07:00
1786002300,4220.0,4220.0,4210.0,4220.0,83500.0,2026-08-06 14:45:00+07:00
1786002600,4220.0,4220.0,4210.0,4220.0,342700.0,2026-08-06 14:50:00+07:00
1786002900,4220.0,4220.0,4210.0,4210.0,733900.0,2026-08-06 14:55:00+07:00
1786003200,4220.0,4220.0,4210.0,4210.0,363400.0,2026-08-06 15:00:00+07:00
1786003500,4220.0,4220.0,4210.0,4210.0,473800.0,2026-08-06 15:05:00+07:00
1786003800,4220.0,4220.0,4210.0,4220.0,417700.0,2026-08-06 15:10:00+07:00
1786004100,4220.0,4220.0,4210.0,4210.0,603000.0,2026-08-06 15:15:00+07:00
1786004400,4220.0,4220.0,4210.0,4220.0,525400.0,2026-08-06 15:20:00+07:00
1786004700,4220.0,4220.0,4210.0,4210.0,378600.0,2026-08-06 15:25:00+07:00
1786005000,4220.0,4220.0,4210.0,4210.0,1445200.0,2026-08-06 15:30:00+07:00
1786005300,4220.0,4220.0,4210.0,4210.0,1128000.0,2026-08-06 15:35:00+07:00
1786005600,4220.0,4220.0,4200.0,4210.0,4109300.0,2026-08-06 15:40:00+07:00
1786005900,4210.0,4220.0,4200.0,4220.0,3955400.0,2026-08-06 15:45:00+07:00
1786006800,4200.0,4200.0,4200.0,4200.0,9188800.0,2026-08-06 16:00:00+07:00
1786007100,4200.0,4200.0,4200.0,4200.0,264700.0,2026-08-06 16:05:00+07:00
1786007400,4200.0,4200.0,4200.0,4200.0,551700.0,2026-08-06 16:10:00+07:00
1786068000,4230.0,4240.0,4220.0,4240.0,0.0,2026-08-07 09:00:00+07:00
1786068300,4240.0,4250.0,4230.0,4240.0,3803900.0,2026-08-07 09:05:00+07:00
1786068600,4230.0,4240.0,4230.0,4230.0,487800.0,2026-08-07 09:10:00+07:00
1786068900,4240.0,4260.0,4230.0,4250.0,6152500.0,2026-08-07 09:15:00+07:00
1786069200,4260.0,4270.0,4230.0,4240.0,7224500.0,2026-08-07 09:20:00+07:00
1786069500,4240.0,4240.0,4230.0,4240.0,413000.0,2026-08-07 09:25:00+07:00
1786069800,4230.0,4250.0,4230.0,4250.0,3094500.0,2026-08-07 09:30:00+07:00
1786070100,4240.0,4250.0,4240.0,4240.0,2359600.0,2026-08-07 09:35:00+07:00
1786070400,4240.0,4250.0,4240.0,4250.0,1032000.0,2026-08-07 09:40:00+07:00
1786070700,4240.0,4250.0,4240.0,4250.0,487400.0,2026-08-07 09:45:00+07:00
1786071000,4240.0,4250.0,4240.0,4250.0,637300.0,2026-08-07 09:50:00+07:00
1786071300,4240.0,4250.0,4230.0,4230.0,1981800.0,2026-08-07 09:55:00+07:00
1786071600,4230.0,4240.0,4230.0,4240.0,301500.0,2026-08-07 10:00:00+07:00
1786071900,4240.0,4240.0,4230.0,4230.0,379500.0,2026-08-07 10:05:00+07:00
1786072200,4230.0,4250.0,4230.0,4250.0,2988200.0,2026-08-07 10:10:00+07:00
1786072500,4250.0,4260.0,4240.0,4250.0,5237900.0,2026-08-07 10:15:00+07:00
1786072800,4250.0,4260.0,4250.0,4250.0,872400.0,2026-08-07 10:20:00+07:00
1786073100,4250.0,4260.0,4240.0,4260.0,3794500.0,2026-08-07 10:25:00+07:00
1786073400,4260.0,4260.0,4240.0,4240.0,878700.0,2026-08-07 10:30:00+07:00
1786073700,4240.0,4250.0,4230.0,4230.0,1918000.0,2026-08-07 10:35:00+07:00
1786074000,4230.0,4240.0,4220.0,4220.0,1856800.0,2026-08-07 10:40:00+07:00
1786074300,4230.0,4240.0,4220.0,4230.0,746400.0,2026-08-07 10:45:00+07:00
1786074600,4230.0,4240.0,4230.0,4240.0,347100.0,2026-08-07 10:50:00+07:00
1786074900,4230.0,4240.0,4230.0,4230.0,404800.0,2026-08-07 10:55:00+07:00
1786075200,4230.0,4240.0,4230.0,4230.0,550400.0,2026-08-07 11:00:00+07:00
1786075500,4230.0,4240.0,4230.0,4230.0,328600.0,2026-08-07 11:05:00+07:00
1786075800,4230.0,4240.0,4220.0,4220.0,1966100.0,2026-08-07 11:10:00+07:00
1786076100,4220.0,4230.0,4220.0,4230.0,923100.0,2026-08-07 11:15:00+07:00
1786076400,4220.0,4230.0,4220.0,4220.0,709000.0,2026-08-07 11:20:00+07:00
1786076700,4220.0,4240.0,4220.0,4220.0,1256900.0,2026-08-07 11:25:00+07:00
1786086000,4230.0,4240.0,4220.0,4230.0,2472700.0,2026-08-07 14:00:00+07:00
1786086300,4230.0,4240.0,4230.0,4240.0,2517300.0,2026-08-07 14:05:00+07:00
1786086600,4230.0,4250.0,4230.0,4250.0,1442400.0,2026-08-07 14:10:00+07:00
1786086900,4250.0,4250.0,4240.0,4250.0,581800.0,2026-08-07 14:15:00+07:00
1786087200,4240.0,4250.0,4240.0,4250.0,1769700.0,2026-08-07 14:20:00+07:00
1786087500,4240.0,4250.0,4230.0,4230.0,2468300.0,2026-08-07 14:25:00+07:00
1786087800,4230.0,4240.0,4230.0,4230.0,1914100.0,2026-08-07 14:30:00+07:00
1786088100,4230.0,4240.0,4230.0,4240.0,560600.0,2026-08-07 14:35:00+07:00
1786088400,4230.0,4240.0,4230.0,4240.0,572400.0,2026-08-07 14:40:00+07:00
1786088700,4230.0,4240.0,4230.0,4230.0,697900.0,2026-08-07 14:45:00+07:00
1786089000,4230.0,4240.0,4220.0,4230.0,3215200.0,2026-08-07 14:50:00+07:00
1786089300,4230.0,4230.0,4210.0,4220.0,6778600.0,2026-08-07 14:55:00+07:00
1786089600,4230.0,4230.0,4220.0,4220.0,312800.0,2026-08-07 15:00:00+07:00
1786089900,4220.0,4230.0,4220.0,4230.0,1034700.0,2026-08-07 15:05:00+07:00
1786090200,4220.0,4230.0,4220.0,4220.0,1409700.0,2026-08-07 15:10:00+07:00
1786090500,4220.0,4240.0,4220.0,4230.0,1440300.0,2026-08-07 15:15:00+07:00
1786090800,4230.0,4240.0,4230.0,4240.0,752800.0,2026-08-07 15:20:00+07:00
1786091100,4230.0,4240.0,4220.0,4230.0,2338500.0,2026-08-07 15:25:00+07:00
1786091400,4220.0,4230.0,4220.0,4230.0,644900.0,2026-08-07 15:30:00+07:00
1786091700,4220.0,4230.0,4220.0,4230.0,1504900.0,2026-08-07 15:35:00+07:00
1786092000,4230.0,4230.0,4220.0,4220.0,2527000.0,2026-08-07 15:40:00+07:00
1786092300,4220.0,4240.0,4220.0,4230.0,3669000.0,2026-08-07 15:45:00+07:00
1786093200,4240.0,4240.0,4240.0,4240.0,13005800.0,2026-08-07 16:00:00+07:00
1786093500,4240.0,4240.0,4240.0,4240.0,60400.0,2026-08-07 16:05:00+07:00
1786093800,4240.0,4240.0,4240.0,4240.0,109600.0,2026-08-07 16:10:00+07:00
1786327200,4260.0,4270.0,4240.0,4260.0,0.0,2026-08-10 09:00:00+07:00
1786327500,4260.0,4260.0,4230.0,4240.0,3987200.0,2026-08-10 09:05:00+07:00
1786327800,4250.0,4250.0,4240.0,4250.0,527400.0,2026-08-10 09:10:00+07:00
1786328100,4250.0,4250.0,4230.0,4240.0,2457100.0,2026-08-10 09:15:00+07:00
1786328400,4230.0,4240.0,4230.0,4240.0,1383000.0,2026-08-10 09:20:00+07:00
1786328700,4230.0,4240.0,4230.0,4230.0,1377900.0,2026-08-10 09:25:00+07:00
1786329000,4230.0,4240.0,4230.0,4240.0,2848200.0,2026-08-10 09:30:00+07:00
1786329300,4240.0,4240.0,4230.0,4240.0,1188600.0,2026-08-10 09:35:00+07:00
1786329600,4240.0,4250.0,4230.0,4240.0,2142700.0,2026-08-10 09:40:00+07:00
1786329900,4250.0,4250.0,4240.0,4240.0,757400.0,2026-08-10 09:45:00+07:00
1786330200,4250.0,4250.0,4230.0,4230.0,2133000.0,2026-08-10 09:50:00+07:00
1786330500,4240.0,4240.0,4230.0,4240.0,650400.0,2026-08-10 09:55:00+07:00
1786330800,4240.0,4240.0,4230.0,4240.0,965400.0,2026-08-10 10:00:00+07:00
1786331100,4240.0,4240.0,4230.0,4230.0,725900.0,2026-08-10 10:05:00+07:00
1786331400,4230.0,4240.0,4230.0,4240.0,688800.0,2026-08-10 10:10:00+07:00
1786331700,4230.0,4240.0,4230.0,4230.0,537000.0,2026-08-10 10:15:00+07:00
1786332000,4240.0,4240.0,4230.0,4240.0,676000.0,2026-08-10 10:20:00+07:00
1786332300,4240.0,4240.0,4210.0,4210.0,10971300.0,2026-08-10 10:25:00+07:00
1786332600,4210.0,4220.0,4210.0,4210.0,1551800.0,2026-08-10 10:30:00+07:00
1786332900,4220.0,4220.0,4210.0,4220.0,441500.0,2026-08-10 10:35:00+07:00
1786333200,4220.0,4220.0,4210.0,4210.0,782800.0,2026-08-10 10:40:00+07:00
1786333500,4220.0,4220.0,4210.0,4210.0,792400.0,2026-08-10 10:45:00+07:00
1786333800,4220.0,4220.0,4210.0,4210.0,706800.0,2026-08-10 10:50:00+07:00
1786334100,4220.0,4220.0,4210.0,4210.0,2050200.0,2026-08-10 10:55:00+07:00
1786334400,4210.0,4220.0,4200.0,4200.0,5829700.0,2026-08-10 11:00:00+07:00
1786334700,4200.0,4210.0,4200.0,4200.0,1924300.0,2026-08-10 11:05:00+07:00
1786335000,4210.0,4210.0,4200.0,4200.0,1358600.0,2026-08-10 11:10:00+07:00
1786335300,4210.0,4210.0,4200.0,4200.0,1735000.0,2026-08-10 11:15:00+07:00
1786335600,4210.0,4210.0,4200.0,4200.0,2455300.0,2026-08-10 11:20:00+07:00
1786335900,4210.0,4210.0,4200.0,4200.0,699600.0,2026-08-10 11:25:00+07:00
1786336200,4210.0,4210.0,4200.0,4200.0,670700.0,2026-08-10 11:30:00+07:00
1786336500,4210.0,4210.0,4200.0,4210.0,7152600.0,2026-08-10 11:35:00+07:00
1786336800,4210.0,4210.0,4200.0,4210.0,473900.0,2026-08-10 11:40:00+07:00
1786337100,4210.0,4210.0,4200.0,4200.0,2922700.0,2026-08-10 11:45:00+07:00
1786337400,4200.0,4210.0,4180.0,4190.0,6053300.0,2026-08-10 11:50:00+07:00
1786337700,4180.0,4200.0,4180.0,4190.0,2099000.0,2026-08-10 11:55:00+07:00
1786343400,4200.0,4220.0,4190.0,4220.0,5119000.0,2026-08-10 13:30:00+07:00
1786343700,4220.0,4220.0,4200.0,4200.0,2266900.0,2026-08-10 13:35:00+07:00
1786344000,4200.0,4210.0,4200.0,4200.0,1498600.0,2026-08-10 13:40:00+07:00
1786344300,4210.0,4210.0,4200.0,4200.0,1795000.0,2026-08-10 13:45:00+07:00
1786344600,4200.0,4210.0,4190.0,4190.0,2901500.0,2026-08-10 13:50:00+07:00
1786344900,4190.0,4200.0,4190.0,4190.0,630600.0,2026-08-10 13:55:00+07:00
1786345200,4200.0,4200.0,4190.0,4200.0,699200.0,2026-08-10 14:00:00+07:00
1786345500,4200.0,4200.0,4190.0,4190.0,463500.0,2026-08-10 14:05:00+07:00
1786345800,4190.0,4200.0,4190.0,4200.0,2330700.0,2026-08-10 14:10:00+07:00
1786346100,4190.0,4210.0,4190.0,4210.0,3776900.0,2026-08-10 14:15:00+07:00
1786346400,4210.0,4220.0,4200.0,4220.0,2037700.0,2026-08-10 14:20:00+07:00
1786346700,4220.0,4220.0,4200.0,4200.0,2924900.0,2026-08-10 14:25:00+07:00
1786347000,4200.0,4210.0,4200.0,4210.0,496600.0,2026-08-10 14:30:00+07:00
1786347300,4200.0,4210.0,4200.0,4200.0,1151200.0,2026-08-10 14:35:00+07:00
1786347600,4200.0,4210.0,4200.0,4210.0,442500.0,2026-08-10 14:40:00+07:00
1786347900,4200.0,4210.0,4200.0,4210.0,1276500.0,2026-08-10 14:45:00+07:00
1786348200,4200.0,4210.0,4200.0,4210.0,1128900.0,2026-08-10 14:50:00+07:00
1786348500,4210.0,4210.0,4200.0,4200.0,1040500.0,2026-08-10 14:55:00+07:00
1786348800,4200.0,4210.0,4190.0,4190.0,2777200.0,2026-08-10 15:00:00+07:00
1786349100,4190.0,4200.0,4190.0,4200.0,1654500.0,2026-08-10 15:05:00+07:00
1786349400,4190.0,4200.0,4190.0,4190.0,1134300.0,2026-08-10 15:10:00+07:00
1786349700,4190.0,4200.0,4190.0,4190.0,782800.0,2026-08-10 15:15:00+07:00
1786350000,4190.0,4200.0,4190.0,4190.0,1466500.0,2026-08-10 15:20:00+07:00
1786350300,4190.0,4200.0,4190.0,4200.0,1523000.0,2026-08-10 15:25:00+07:00
1786350600,4190.0,4200.0,4190.0,4190.0,1899400.0,2026-08-10 15:30:00+07:00
1786350900,4190.0,4200.0,4180.0,4190.0,3275300.0,2026-08-10 15:35:00+07:00
1786351200,4180.0,4190.0,4180.0,4190.0,3482100.0,2026-08-10 15:40:00+07:00
1786351500,4190.0,4190.0,4180.0,4180.0,5087800.0,2026-08-10 15:45:00+07:00
1786352400,4180.0,4180.0,4180.0,4180.0,12543300.0,2026-08-10 16:00:00+07:00
1786352700,4180.0,4180.0,4180.0,4180.0,503000.0,2026-08-10 16:05:00+07:00
1786353000,4180.0,4180.0,4180.0,4180.0,210800.0,2026-08-10 16:10:00+07:00
1786413600,4200.0,4200.0,4160.0,4170.0,0.0,2026-08-11 09:00:00+07:00
1786413900,4160.0,4170.0,4150.0,4160.0,4951800.0,2026-08-11 09:05:00+07:00
1786414200,4150.0,4160.0,4140.0,4140.0,8123000.0,2026-08-11 09:10:00+07:00
1786414500,4140.0,4170.0,4140.0,4170.0,5158000.0,2026-08-11 09:15:00+07:00
1786414800,4170.0,4170.0,4160.0,4170.0,541000.0,2026-08-11 09:20:00+07:00
1786415100,4170.0,4170.0,4160.0,4170.0,316800.0,2026-08-11 09:25:00+07:00
1786415400,4170.0,4170.0,4160.0,4170.0,619400.0,2026-08-11 09:30:00+07:00
1786415700,4160.0,4170.0,4160.0,4170.0,1357400.0,2026-08-11 09:35:00+07:00
1786416000,4170.0,4170.0,4160.0,4170.0,1477700.0,2026-08-11 09:40:00+07:00
1786416300,4170.0,4170.0,4150.0,4170.0,2778900.0,2026-08-11 09:45:00+07:00
1786416600,4170.0,4170.0,4160.0,4170.0,523400.0,2026-08-11 09:50:00+07:00
1786416900,4170.0,4170.0,4160.0,4160.0,562000.0,2026-08-11 09:55:00+07:00
1786417200,4170.0,4170.0,4160.0,4160.0,404800.0,2026-08-11 10:00:00+07:00
1786417500,4160.0,4170.0,4150.0,4160.0,2786400.0,2026-08-11 10:05:00+07:00
1786417800,4160.0,4160.0,4150.0,4150.0,816700.0,2026-08-11 10:10:00+07:00
1786418100,4160.0,4160.0,4150.0,4160.0,1069600.0,2026-08-11 10:15:00+07:00
1786418400,4160.0,4160.0,4150.0,4150.0,301500.0,2026-08-11 10:20:00+07:00
1786418700,4160.0,4160.0,4150.0,4160.0,433700.0,2026-08-11 10:25:00+07:00
1786419000,4160.0,4170.0,4150.0,4160.0,2966000.0,2026-08-11 10:30:00+07:00
1786419300,4160.0,4160.0,4150.0,4160.0,536800.0,2026-08-11 10:35:00+07:00
1786419600,4150.0,4160.0,4150.0,4160.0,785100.0,2026-08-11 10:40:00+07:00
1786419900,4150.0,4160.0,4150.0,4150.0,731300.0,2026-08-11 10:45:00+07:00
1786420200,4150.0,4160.0,4150.0,4150.0,602500.0,2026-08-11 10:50:00+07:00
1786420500,4150.0,4160.0,4150.0,4150.0,4121700.0,2026-08-11 10:55:00+07:00
1786420800,4150.0,4160.0,4140.0,4140.0,2854100.0,2026-08-11 11:00:00+07:00
1786421100,4150.0,4150.0,4140.0,4140.0,1019300.0,2026-08-11 11:05:00+07:00
1786421400,4150.0,4150.0,4140.0,4140.0,784200.0,2026-08-11 11:10:00+07:00
1786421700,4150.0,4150.0,4140.0,4150.0,194300.0,2026-08-11 11:15:00+07:00
1786422000,4140.0,4150.0,4140.0,4140.0,665900.0,2026-08-11 11:20:00+07:00
1786422300,4140.0,4150.0,4140.0,4140.0,551200.0,2026-08-11 11:25:00+07:00
1786422600,4150.0,4150.0,4140.0,4140.0,963300.0,2026-08-11 11:30:00+07:00
1786422900,4140.0,4150.0,4140.0,4150.0,548900.0,2026-08-11 11:35:00+07:00
1786423200,4140.0,4150.0,4140.0,4150.0,1163400.0,2026-08-11 11:40:00+07:00
1786423500,4140.0,4150.0,4140.0,4140.0,712800.0,2026-08-11 11:45:00+07:00
1786423800,4150.0,4150.0,4140.0,4150.0,1159900.0,2026-08-11 11:50:00+07:00
1786424100,4140.0,4150.0,4140.0,4150.0,1096100.0,2026-08-11 11:55:00+07:00
1786429800,4150.0,4150.0,4140.0,4140.0,1434700.0,2026-08-11 13:30:00+07:00
1786430100,4140.0,4150.0,4140.0,4150.0,926500.0,2026-08-11 13:35:00+07:00
1786430400,4150.0,4150.0,4130.0,4130.0,3096800.0,2026-08-11 13:40:00+07:00
1786430700,4140.0,4140.0,4130.0,4140.0,1084500.0,2026-08-11 13:45:00+07:00
1786431000,4130.0,4140.0,4130.0,4140.0,1792500.0,2026-08-11 13:50:00+07:00
1786431300,4130.0,4140.0,4130.0,4130.0,1642900.0,2026-08-11 13:55:00+07:00
1786431600,4140.0,4140.0,4130.0,4140.0,1435600.0,2026-08-11 14:00:00+07:00
1786431900,4140.0,4140.0,4120.0,4120.0,3132800.0,2026-08-11 14:05:00+07:00
1786432200,4130.0,4130.0,4120.0,4130.0,1916900.0,2026-08-11 14:10:00+07:00
1786432500,4120.0,4130.0,4120.0,4130.0,1217000.0,2026-08-11 14:15:00+07:00
1786432800,4120.0,4130.0,4120.0,4130.0,1144700.0,2026-08-11 14:20:00+07:00
1786433100,4130.0,4130.0,4120.0,4130.0,1929200.0,2026-08-11 14:25:00+07:00
1786433400,4120.0,4130.0,4110.0,4110.0,7206000.0,2026-08-11 14:30:00+07:00
1786433700,4110.0,4120.0,4110.0,4110.0,1525200.0,2026-08-11 14:35:00+07:00
1786434000,4110.0,4120.0,4110.0,4120.0,1970000.0,2026-08-11 14:40:00+07:00
1786434300,4120.0,4120.0,4110.0,4110.0,2033600.0,2026-08-11 14:45:00+07:00
1786434600,4110.0,4120.0,4110.0,4120.0,1630000.0,2026-08-11 14:50:00+07:00
1786434900,4110.0,4120.0,4110.0,4120.0,917100.0,2026-08-11 14:55:00+07:00
1786435200,4110.0,4120.0,4100.0,4110.0,7159500.0,2026-08-11 15:00:00+07:00
1786435500,4110.0,4110.0,4100.0,4100.0,852700.0,2026-08-11 15:05:00+07:00
1786435800,4100.0,4120.0,4100.0,4120.0,7026400.0,2026-08-11 15:10:00+07:00
1786436100,4120.0,4120.0,4110.0,4120.0,842600.0,2026-08-11 15:15:00+07:00
1786436400,4120.0,4120.0,4100.0,4110.0,3864400.0,2026-08-11 15:20:00+07:00
1786436700,4110.0,4110.0,4100.0,4100.0,1900900.0,2026-08-11 15:25:00+07:00
1786437000,4100.0,4110.0,4100.0,4110.0,1838300.0,2026-08-11 15:30:00+07:00
1786437300,4100.0,4110.0,4100.0,4110.0,3185800.0,2026-08-11 15:35:00+07:00
1786437600,4110.0,4120.0,4100.0,4110.0,5414900.0,2026-08-11 15:40:00+07:00
1786437900,4110.0,4120.0,4100.0,4120.0,4756600.0,2026-08-11 15:45:00+07:00
1786438800,4120.0,4120.0,4120.0,4120.0,12959600.0,2026-08-11 16:00:00+07:00
1786439100,4120.0,4120.0,4120.0,4120.0,383200.0,2026-08-11 16:05:00+07:00
1786439400,4120.0,4120.0,4120.0,4120.0,157800.0,2026-08-11 16:10:00+07:00
1786500000,4140.0,4140.0,4120.0,4140.0,0.0,2026-08-12 09:00:00+07:00
1786500300,4130.0,4140.0,4120.0,4140.0,3532300.0,2026-08-12 09:05:00+07:00
1786500600,4140.0,4150.0,4130.0,4150.0,3232200.0,2026-08-12 09:10:00+07:00
1786500900,4150.0,4150.0,4140.0,4150.0,519100.0,2026-08-12 09:15:00+07:00
1786501200,4140.0,4150.0,4140.0,4150.0,1806900.0,2026-08-12 09:20:00+07:00
1786501500,4140.0,4150.0,4120.0,4130.0,3710500.0,2026-08-12 09:25:00+07:00
1786501800,4130.0,4130.0,4120.0,4120.0,1596900.0,2026-08-12 09:30:00+07:00
1786502100,4120.0,4130.0,4120.0,4130.0,772700.0,2026-08-12 09:35:00+07:00
1786502400,4130.0,4130.0,4120.0,4120.0,906200.0,2026-08-12 09:40:00+07:00
1786502700,4120.0,4130.0,4120.0,4120.0,527500.0,2026-08-12 09:45:00+07:00
1786503000,4130.0,4130.0,4110.0,4120.0,5026900.0,2026-08-12 09:50:00+07:00
1786503300,4110.0,4110.0,4100.0,4110.0,4533700.0,2026-08-12 09:55:00+07:00
1786503600,4110.0,4110.0,4100.0,4110.0,2615200.0,2026-08-12 10:00:00+07:00
1786503900,4100.0,4110.0,4100.0,4110.0,857800.0,2026-08-12 10:05:00+07:00
1786504200,4110.0,4120.0,4100.0,4110.0,3802400.0,2026-08-12 10:10:00+07:00
1786504500,4120.0,4120.0,4100.0,4110.0,2254600.0,2026-08-12 10:15:00+07:00
1786504800,4110.0,4110.0,4100.0,4110.0,557800.0,2026-08-12 10:20:00+07:00
1786505100,4110.0,4110.0,4100.0,4100.0,496700.0,2026-08-12 10:25:00+07:00
1786505400,4100.0,4110.0,4100.0,4110.0,288300.0,2026-08-12 10:30:00+07:00
1786505700,4110.0,4110.0,4100.0,4110.0,302200.0,2026-08-12 10:35:00+07:00
1786506000,4110.0,4110.0,4100.0,4110.0,890400.0,2026-08-12 10:40:00+07:00
1786506300,4110.0,4110.0,4090.0,4100.0,10002100.0,2026-08-12 10:45:00+07:00
1786506600,4100.0,4100.0,4090.0,4090.0,1507600.0,2026-08-12 10:50:00+07:00
1786506900,4100.0,4100.0,4080.0,4090.0,5081200.0,2026-08-12 10:55:00+07:00
1786507200,4090.0,4100.0,4080.0,4090.0,7081400.0,2026-08-12 11:00:00+07:00
1786507500,4090.0,4100.0,4080.0,4100.0,2224700.0,2026-08-12 11:05:00+07:00
1786507800,4100.0,4100.0,4090.0,4100.0,1440600.0,2026-08-12 11:10:00+07:00
1786508100,4100.0,4110.0,4090.0,4100.0,3075800.0,2026-08-12 11:15:00+07:00
1786508400,4100.0,4110.0,4100.0,4110.0,283000.0,2026-08-12 11:20:00+07:00
1786508700,4100.0,4110.0,4100.0,4100.0,420800.0,2026-08-12 11:25:00+07:00
1786509000,4110.0,4110.0,4100.0,4110.0,119800.0,2026-08-12 11:30:00+07:00
1786509300,4110.0,4110.0,4100.0,4110.0,166200.0,2026-08-12 11:35:00+07:00
1786509600,4110.0,4110.0,4100.0,4110.0,232300.0,2026-08-12 11:40:00+07:00
1786509900,4110.0,4110.0,4100.0,4110.0,1538100.0,2026-08-12 11:45:00+07:00
1786510200,4110.0,4110.0,4100.0,4110.0,674100.0,2026-08-12 11:50:00+07:00
1786510500,4110.0,4110.0,4100.0,4110.0,603500.0,2026-08-12 11:55:00+07:00
1786516200,4100.0,4120.0,4100.0,4120.0,5397100.0,2026-08-12 13:30:00+07:00
1786516500,4120.0,4120.0,4110.0,4120.0,622700.0,2026-08-12 13:35:00+07:00
1786516800,4120.0,4120.0,4110.0,4120.0,469600.0,2026-08-12 13:40:00+07:00
1786517100,4110.0,4120.0,4110.0,4120.0,814300.0,2026-08-12 13:45:00+07:00
1786517400,4110.0,4120.0,4110.0,4110.0,1042000.0,2026-08-12 13:50:00+07:00
1786517700,4120.0,4120.0,4110.0,4110.0,1157400.0,2026-08-12 13:55:00+07:00
1786518000,4110.0,4120.0,4110.0,4110.0,5164900.0,2026-08-12 14:00:00+07:00
1786518300,4110.0,4120.0,4100.0,4110.0,3066400.0,2026-08-12 14:05:00+07:00
1786518600,4110.0,4120.0,4100.0,4110.0,1027800.0,2026-08-12 14:10:00+07:00
1786518900,4120.0,4120.0,4100.0,4110.0,2269500.0,2026-08-12 14:15:00+07:00
1786519200,4110.0,4110.0,4100.0,4110.0,957400.0,2026-08-12 14:20:00+07:00
1786519500,4110.0,4110.0,4100.0,4110.0,631400.0,2026-08-12 14:25:00+07:00
1786519800,4100.0,4110.0,4100.0,4100.0,2408400.0,2026-08-12 14:30:00+07:00
1786520100,4110.0,4110.0,4100.0,4110.0,1064700.0,2026-08-12 14:35:00+07:00
1786520400,4110.0,4110.0,4100.0,4110.0,589500.0,2026-08-12 14:40:00+07:00
1786520700,4110.0,4110.0,4100.0,4110.0,1212700.0,2026-08-12 14:45:00+07:00
1786521000,4110.0,4110.0,4100.0,4110.0,614600.0,2026-08-12 14:50:00+07:00
1786521300,4110.0,4110.0,4100.0,4100.0,683400.0,2026-08-12 14:55:00+07:00
1786521600,4110.0,4110.0,4100.0,4110.0,2211800.0,2026-08-12 15:00:00+07:00
1786521900,4100.0,4110.0,4100.0,4110.0,2336700.0,2026-08-12 15:05:00+07:00
1786522200,4100.0,4110.0,4100.0,4110.0,287100.0,2026-08-12 15:10:00+07:00
1786522500,4110.0,4110.0,4100.0,4110.0,1805100.0,2026-08-12 15:15:00+07:00
1786522800,4110.0,4110.0,4100.0,4110.0,1933800.0,2026-08-12 15:20:00+07:00
1786523100,4110.0,4110.0,4100.0,4110.0,1206600.0,2026-08-12 15:25:00+07:00
1786523400,4110.0,4110.0,4100.0,4100.0,1015600.0,2026-08-12 15:30:00+07:00
1786523700,4110.0,4110.0,4100.0,4110.0,5958700.0,2026-08-12 15:35:00+07:00
1786524000,4110.0,4130.0,4100.0,4120.0,13281300.0,2026-08-12 15:40:00+07:00
1786524300,4120.0,4130.0,4120.0,4130.0,1752000.0,2026-08-12 15:45:00+07:00
1786525200,4130.0,4130.0,4130.0,4130.0,14452300.0,2026-08-12 16:00:00+07:00
1786525500,4130.0,4130.0,4130.0,4130.0,139700.0,2026-08-12 16:05:00+07:00
1786525800,4130.0,4130.0,4130.0,4130.0,138100.0,2026-08-12 16:10:00+07:00
1786586400,4140.0,4150.0,4110.0,4110.0,0.0,2026-08-13 09:00:00+07:00
1786586700,4110.0,4120.0,4100.0,4120.0,3115000.0,2026-08-13 09:05:00+07:00
1786587000,4110.0,4120.0,4110.0,4120.0,2086400.0,2026-08-13 09:10:00+07:00
1786587300,4110.0,4120.0,4110.0,4110.0,1086700.0,2026-08-13 09:15:00+07:00
1786587600,4120.0,4120.0,4110.0,4110.0,1401500.0,2026-08-13 09:20:00+07:00
1786587900,4110.0,4120.0,4110.0,4110.0,924600.0,2026-08-13 09:25:00+07:00
1786588200,4110.0,4120.0,4100.0,4100.0,2761900.0,2026-08-13 09:30:00+07:00
1786588500,4100.0,4110.0,4100.0,4100.0,2880500.0,2026-08-13 09:35:00+07:00
1786588800,4100.0,4110.0,4100.0,4100.0,950600.0,2026-08-13 09:40:00+07:00
1786589100,4100.0,4110.0,4100.0,4110.0,1443600.0,2026-08-13 09:45:00+07:00
1786589400,4100.0,4110.0,4100.0,4100.0,962000.0,2026-08-13 09:50:00+07:00
1786589700,4100.0,4110.0,4100.0,4100.0,1249900.0,2026-08-13 09:55:00+07:00
1786590000,4100.0,4110.0,4090.0,4100.0,3630100.0,2026-08-13 10:00:00+07:00
1786590300,4090.0,4100.0,4090.0,4090.0,985500.0,2026-08-13 10:05:00+07:00
1786590600,4090.0,4110.0,4090.0,4110.0,3733600.0,2026-08-13 10:10:00+07:00
1786590900,4100.0,4110.0,4100.0,4110.0,646400.0,2026-08-13 10:15:00+07:00
1786591200,4100.0,4110.0,4100.0,4110.0,612500.0,2026-08-13 10:20:00+07:00
1786591500,4100.0,4110.0,4100.0,4100.0,409500.0,2026-08-13 10:25:00+07:00
1786591800,4100.0,4110.0,4100.0,4110.0,538500.0,2026-08-13 10:30:00+07:00
1786592100,4100.0,4110.0,4100.0,4100.0,462200.0,2026-08-13 10:35:00+07:00
1786592400,4100.0,4110.0,4100.0,4110.0,1277300.0,2026-08-13 10:40:00+07:00
1786592700,4100.0,4110.0,4100.0,4100.0,386400.0,2026-08-13 10:45:00+07:00
1786593000,4100.0,4110.0,4100.0,4110.0,574700.0,2026-08-13 10:50:00+07:00
1786593300,4100.0,4110.0,4100.0,4110.0,361300.0,2026-08-13 10:55:00+07:00
1786593600,4100.0,4110.0,4100.0,4110.0,977400.0,2026-08-13 11:00:00+07:00
1786593900,4100.0,4110.0,4100.0,4100.0,327500.0,2026-08-13 11:05:00+07:00
1786594200,4100.0,4110.0,4100.0,4110.0,347100.0,2026-08-13 11:10:00+07:00
1786594500,4100.0,4110.0,4100.0,4100.0,1117600.0,2026-08-13 11:15:00+07:00
1786594800,4110.0,4110.0,4100.0,4110.0,234300.0,2026-08-13 11:20:00+07:00
1786595100,4100.0,4110.0,4100.0,4110.0,510700.0,2026-08-13 11:25:00+07:00
1786595400,4100.0,4110.0,4100.0,4100.0,488500.0,2026-08-13 11:30:00+07:00
1786595700,4100.0,4110.0,4100.0,4100.0,729300.0,2026-08-13 11:35:00+07:00
1786596000,4100.0,4110.0,4100.0,4100.0,205300.0,2026-08-13 11:40:00+07:00
1786596300,4100.0,4110.0,4100.0,4100.0,578800.0,2026-08-13 11:45:00+07:00
1786596600,4100.0,4110.0,4100.0,4100.0,317400.0,2026-08-13 11:50:00+07:00
1786596900,4100.0,4110.0,4100.0,4100.0,1427100.0,2026-08-13 11:55:00+07:00
1786602600,4110.0,4120.0,4100.0,4120.0,5295100.0,2026-08-13 13:30:00+07:00
1786602900,4110.0,4120.0,4110.0,4120.0,186300.0,2026-08-13 13:35:00+07:00
1786603200,4110.0,4120.0,4110.0,4110.0,301900.0,2026-08-13 13:40:00+07:00
1786603500,4110.0,4120.0,4110.0,4110.0,433600.0,2026-08-13 13:45:00+07:00
1786603800,4110.0,4120.0,4110.0,4110.0,324000.0,2026-08-13 13:50:00+07:00
1786604100,4110.0,4120.0,4110.0,4110.0,448200.0,2026-08-13 13:55:00+07:00
1786604400,4110.0,4120.0,4110.0,4110.0,1243100.0,2026-08-13 14:00:00+07:00
1786604700,4110.0,4120.0,4110.0,4120.0,937700.0,2026-08-13 14:05:00+07:00
1786605000,4110.0,4120.0,4110.0,4120.0,1307300.0,2026-08-13 14:10:00+07:00
1786605300,4120.0,4120.0,4110.0,4120.0,513600.0,2026-08-13 14:15:00+07:00
1786605600,4110.0,4120.0,4110.0,4110.0,4363100.0,2026-08-13 14:20:00+07:00
1786605900,4110.0,4120.0,4110.0,4110.0,712500.0,2026-08-13 14:25:00+07:00
1786606200,4110.0,4120.0,4110.0,4110.0,4014000.0,2026-08-13 14:30:00+07:00
1786606500,4110.0,4120.0,4110.0,4120.0,270600.0,2026-08-13 14:35:00+07:00
1786606800,4110.0,4120.0,4110.0,4120.0,291800.0,2026-08-13 14:40:00+07:00
1786607100,4110.0,4120.0,4110.0,4120.0,424700.0,2026-08-13 14:45:00+07:00
1786607400,4110.0,4120.0,4110.0,4110.0,528800.0,2026-08-13 14:50:00+07:00
1786607700,4120.0,4120.0,4110.0,4110.0,472600.0,2026-08-13 14:55:00+07:00
1786608000,4120.0,4120.0,4110.0,4120.0,3960000.0,2026-08-13 15:00:00+07:00
1786608300,4110.0,4120.0,4100.0,4110.0,982200.0,2026-08-13 15:05:00+07:00
1786608600,4110.0,4120.0,4110.0,4110.0,696400.0,2026-08-13 15:10:00+07:00
1786608900,4110.0,4120.0,4100.0,4120.0,2377200.0,2026-08-13 15:15:00+07:00
1786609200,4110.0,4120.0,4100.0,4110.0,2835000.0,2026-08-13 15:20:00+07:00
1786609500,4110.0,4120.0,4110.0,4110.0,511200.0,2026-08-13 15:25:00+07:00
1786609800,4110.0,4120.0,4110.0,4110.0,1233100.0,2026-08-13 15:30:00+07:00
1786610100,4110.0,4120.0,4110.0,4120.0,354900.0,2026-08-13 15:35:00+07:00
1786610400,4120.0,4120.0,4100.0,4100.0,3882900.0,2026-08-13 15:40:00+07:00
1786610700,4100.0,4120.0,4100.0,4120.0,2379100.0,2026-08-13 15:45:00+07:00
1786611600,4130.0,4130.0,4130.0,4130.0,18949300.0,2026-08-13 16:00:00+07:00
1786611900,4130.0,4130.0,4130.0,4130.0,237500.0,2026-08-13 16:05:00+07:00
1786612200,4130.0,4130.0,4130.0,4130.0,5600.0,2026-08-13 16:10:00+07:00
1786672800,4140.0,4150.0,4120.0,4130.0,0.0,2026-08-14 09:00:00+07:00
1786673100,4130.0,4130.0,4120.0,4120.0,612800.0,2026-08-14 09:05:00+07:00
1786673400,4130.0,4130.0,4120.0,4120.0,279300.0,2026-08-14 09:10:00+07:00
1786673700,4130.0,4140.0,4120.0,4140.0,4401500.0,2026-08-14 09:15:00+07:00
1786674000,4140.0,4150.0,4130.0,4130.0,1122700.0,2026-08-14 09:20:00+07:00
1786674300,4130.0,4140.0,4120.0,4130.0,1819600.0,2026-08-14 09:25:00+07:00
1786674600,4130.0,4130.0,4110.0,4120.0,3957600.0,2026-08-14 09:30:00+07:00
1786674900,4110.0,4120.0,4110.0,4110.0,597500.0,2026-08-14 09:35:00+07:00
1786675200,4110.0,4120.0,4110.0,4110.0,625800.0,2026-08-14 09:40:00+07:00
1786675500,4120.0,4120.0,4110.0,4120.0,419000.0,2026-08-14 09:45:00+07:00
1786675800,4110.0,4120.0,4110.0,4110.0,320700.0,2026-08-14 09:50:00+07:00
1786676100,4120.0,4120.0,4110.0,4110.0,337000.0,2026-08-14 09:55:00+07:00
1786676400,4120.0,4120.0,4110.0,4110.0,964700.0,2026-08-14 10:00:00+07:00
1786676700,4110.0,4120.0,4110.0,4120.0,694600.0,2026-08-14 10:05:00+07:00
1786677000,4110.0,4120.0,4100.0,4110.0,1981300.0,2026-08-14 10:10:00+07:00
1786677300,4110.0,4120.0,4100.0,4110.0,867700.0,2026-08-14 10:15:00+07:00
1786677600,4110.0,4110.0,4100.0,4100.0,380200.0,2026-08-14 10:20:00+07:00
1786677900,4110.0,4110.0,4100.0,4110.0,758500.0,2026-08-14 10:25:00+07:00
1786678200,4100.0,4110.0,4100.0,4110.0,845500.0,2026-08-14 10:30:00+07:00
1786678500,4110.0,4110.0,4100.0,4100.0,431100.0,2026-08-14 10:35:00+07:00
1786678800,4100.0,4110.0,4100.0,4100.0,658800.0,2026-08-14 10:40:00+07:00
1786679100,4110.0,4110.0,4100.0,4100.0,528400.0,2026-08-14 10:45:00+07:00
1786679400,4110.0,4120.0,4100.0,4120.0,1366800.0,2026-08-14 10:50:00+07:00
1786679700,4110.0,4120.0,4110.0,4110.0,240200.0,2026-08-14 10:55:00+07:00
1786680000,4120.0,4120.0,4110.0,4110.0,1000200.0,2026-08-14 11:00:00+07:00
1786680300,4110.0,4120.0,4110.0,4120.0,406700.0,2026-08-14 11:05:00+07:00
1786680600,4120.0,4120.0,4110.0,4110.0,391900.0,2026-08-14 11:10:00+07:00
1786680900,4110.0,4130.0,4110.0,4130.0,4205500.0,2026-08-14 11:15:00+07:00
1786681200,4130.0,4140.0,4130.0,4130.0,486800.0,2026-08-14 11:20:00+07:00
1786681500,4140.0,4140.0,4130.0,4130.0,1081100.0,2026-08-14 11:25:00+07:00
1786690800,4140.0,4140.0,4130.0,4130.0,2957700.0,2026-08-14 14:00:00+07:00
1786691100,4130.0,4140.0,4130.0,4130.0,340800.0,2026-08-14 14:05:00+07:00
1786691400,4140.0,4140.0,4130.0,4140.0,602200.0,2026-08-14 14:10:00+07:00
1786691700,4130.0,4140.0,4130.0,4140.0,521100.0,2026-08-14 14:15:00+07:00
1786692000,4140.0,4140.0,4130.0,4140.0,362700.0,2026-08-14 14:20:00+07:00
1786692300,4130.0,4140.0,4120.0,4130.0,2480800.0,2026-08-14 14:25:00+07:00
1786692600,4130.0,4140.0,4120.0,4140.0,380300.0,2026-08-14 14:30:00+07:00
1786692900,4130.0,4140.0,4130.0,4140.0,566500.0,2026-08-14 14:35:00+07:00
1786693200,4130.0,4140.0,4130.0,4140.0,1131100.0,2026-08-14 14:40:00+07:00
1786693500,4140.0,4150.0,4130.0,4150.0,1348800.0,2026-08-14 14:45:00+07:00
1786693800,4150.0,4150.0,4140.0,4150.0,1561700.0,2026-08-14 14:50:00+07:00
1786694100,4150.0,4150.0,4140.0,4140.0,1435400.0,2026-08-14 14:55:00+07:00
1786694400,4150.0,4150.0,4140.0,4150.0,1159800.0,2026-08-14 15:00:00+07:00
1786694700,4150.0,4150.0,4130.0,4130.0,1463600.0,2026-08-14 15:05:00+07:00
1786695000,4140.0,4150.0,4130.0,4150.0,1516800.0,2026-08-14 15:10:00+07:00
1786695300,4140.0,4160.0,4140.0,4160.0,1805200.0,2026-08-14 15:15:00+07:00
1786695600,4160.0,4160.0,4140.0,4150.0,1952400.0,2026-08-14 15:20:00+07:00
1786695900,4150.0,4150.0,4140.0,4150.0,592800.0,2026-08-14 15:25:00+07:00
1786696200,4150.0,4150.0,4140.0,4150.0,1252000.0,2026-08-14 15:30:00+07:00
1786696500,4150.0,4150.0,4140.0,4150.0,1555200.0,2026-08-14 15:35:00+07:00
1786696800,4150.0,4150.0,4140.0,4140.0,1865400.0,2026-08-14 15:40:00+07:00
1786697100,4150.0,4170.0,4140.0,4160.0,4351100.0,2026-08-14 15:45:00+07:00
1786698000,4170.0,4170.0,4170.0,4170.0,8794400.0,2026-08-14 16:00:00+07:00
1786698300,4170.0,4170.0,4170.0,4170.0,38100.0,2026-08-14 16:05:00+07:00
1786698600,4170.0,4170.0,4170.0,4170.0,65900.0,2026-08-14 16:10:00+07:00
1787018400,4190.0,4220.0,4180.0,4200.0,0.0,2026-08-18 09:00:00+07:00
1787018700,4200.0,4210.0,4200.0,4210.0,1543300.0,2026-08-18 09:05:00+07:00
1787019000,4200.0,4210.0,4190.0,4200.0,3408600.0,2026-08-18 09:10:00+07:00
1787019300,4200.0,4200.0,4190.0,4190.0,1101700.0,2026-08-18 09:15:00+07:00
1787019600,4200.0,4200.0,4180.0,4190.0,3653700.0,2026-08-18 09:20:00+07:00
1787019900,4180.0,4190.0,4170.0,4170.0,3162100.0,2026-08-18 09:25:00+07:00
1787020200,4180.0,4180.0,4170.0,4170.0,502500.0,2026-08-18 09:30:00+07:00
1787020500,4180.0,4180.0,4160.0,4160.0,3570700.0,2026-08-18 09:35:00+07:00
1787020800,4160.0,4170.0,4160.0,4170.0,420700.0,2026-08-18 09:40:00+07:00
1787021100,4170.0,4180.0,4160.0,4180.0,3090300.0,2026-08-18 09:45:00+07:00
1787021400,4180.0,4180.0,4170.0,4170.0,232100.0,2026-08-18 09:50:00+07:00
1787021700,4180.0,4190.0,4170.0,4190.0,2408500.0,2026-08-18 09:55:00+07:00
1787022000,4180.0,4190.0,4180.0,4190.0,302900.0,2026-08-18 10:00:00+07:00
1787022300,4190.0,4190.0,4180.0,4190.0,415800.0,2026-08-18 10:05:00+07:00
1787022600,4190.0,4190.0,4180.0,4190.0,1005000.0,2026-08-18 10:10:00+07:00
1787022900,4190.0,4200.0,4180.0,4190.0,3396200.0,2026-08-18 10:15:00+07:00
1787023200,4190.0,4190.0,4180.0,4190.0,970100.0,2026-08-18 10:20:00+07:00
1787023500,4190.0,4200.0,4180.0,4190.0,735100.0,2026-08-18 10:25:00+07:00
1787023800,4200.0,4200.0,4190.0,4190.0,304100.0,2026-08-18 10:30:00+07:00
1787024100,4200.0,4200.0,4190.0,4190.0,307100.0,2026-08-18 10:35:00+07:00
1787024400,4190.0,4200.0,4190.0,4190.0,209000.0,2026-08-18 10:40:00+07:00
1787024700,4200.0,4200.0,4190.0,4190.0,694300.0,2026-08-18 10:45:00+07:00
1787025000,4200.0,4200.0,4190.0,4200.0,660100.0,2026-08-18 10:50:00+07:00
1787025300,4200.0,4200.0,4190.0,4190.0,871300.0,2026-08-18 10:55:00+07:00
1787025600,4200.0,4200.0,4190.0,4190.0,856500.0,2026-08-18 11:00:00+07:00
1787025900,4200.0,4200.0,4190.0,4200.0,1799500.0,2026-08-18 11:05:00+07:00
1787026200,4200.0,4200.0,4180.0,4190.0,3169000.0,2026-08-18 11:10:00+07:00
1787026500,4180.0,4190.0,4180.0,4190.0,235100.0,2026-08-18 11:15:00+07:00
1787026800,4180.0,4190.0,4180.0,4190.0,219600.0,2026-08-18 11:20:00+07:00
1787027100,4190.0,4190.0,4180.0,4180.0,413900.0,2026-08-18 11:25:00+07:00
1787027400,4180.0,4190.0,4180.0,4190.0,585500.0,2026-08-18 11:30:00+07:00
1787027700,4190.0,4190.0,4180.0,4190.0,179600.0,2026-08-18 11:35:00+07:00
1787028000,4190.0,4190.0,4180.0,4180.0,1666200.0,2026-08-18 11:40:00+07:00
1787028300,4180.0,4190.0,4180.0,4180.0,731400.0,2026-08-18 11:45:00+07:00
1787028600,4190.0,4200.0,4180.0,4200.0,1172500.0,2026-08-18 11:50:00+07:00
1787028900,4200.0,4200.0,4190.0,4200.0,147000.0,2026-08-18 11:55:00+07:00
1787034600,4200.0,4200.0,4180.0,4180.0,1284800.0,2026-08-18 13:30:00+07:00
1787034900,4190.0,4200.0,4180.0,4200.0,1228000.0,2026-08-18 13:35:00+07:00
1787035200,4190.0,4200.0,4190.0,4190.0,220700.0,2026-08-18 13:40:00+07:00
1787035500,4190.0,4200.0,4180.0,4180.0,949200.0,2026-08-18 13:45:00+07:00
1787035800,4180.0,4190.0,4180.0,4190.0,171700.0,2026-08-18 13:50:00+07:00
1787036100,4190.0,4190.0,4180.0,4180.0,458100.0,2026-08-18 13:55:00+07:00
1787036400,4190.0,4190.0,4180.0,4180.0,935400.0,2026-08-18 14:00:00+07:00
1787036700,4190.0,4200.0,4180.0,4190.0,453100.0,2026-08-18 14:05:00+07:00
1787037000,4200.0,4200.0,4190.0,4200.0,416500.0,2026-08-18 14:10:00+07:00
1787037300,4200.0,4200.0,4190.0,4190.0,1263100.0,2026-08-18 14:15:00+07:00
1787037600,4200.0,4200.0,4190.0,4190.0,318500.0,2026-08-18 14:20:00+07:00
1787037900,4190.0,4200.0,4190.0,4190.0,301800.0,2026-08-18 14:25:00+07:00
1787038200,4200.0,4200.0,4190.0,4200.0,916600.0,2026-08-18 14:30:00+07:00
1787038500,4200.0,4200.0,4190.0,4190.0,888000.0,2026-08-18 14:35:00+07:00
1787038800,4190.0,4200.0,4190.0,4200.0,744100.0,2026-08-18 14:40:00+07:00
1787039100,4190.0,4200.0,4180.0,4180.0,1712500.0,2026-08-18 14:45:00+07:00
1787039400,4180.0,4190.0,4180.0,4190.0,2022300.0,2026-08-18 14:50:00+07:00
1787039700,4190.0,4190.0,4180.0,4190.0,289700.0,2026-08-18 14:55:00+07:00
1787040000,4190.0,4190.0,4180.0,4180.0,699500.0,2026-08-18 15:00:00+07:00
1787040300,4190.0,4190.0,4180.0,4190.0,432500.0,2026-08-18 15:05:00+07:00
1787040600,4190.0,4190.0,4180.0,4180.0,653600.0,2026-08-18 15:10:00+07:00
1787040900,4190.0,4190.0,4170.0,4170.0,3073900.0,2026-08-18 15:15:00+07:00
1787041200,4180.0,4180.0,4170.0,4170.0,1567500.0,2026-08-18 15:20:00+07:00
1787041500,4180.0,4180.0,4170.0,4180.0,1488300.0,2026-08-18 15:25:00+07:00
1787041800,4180.0,4180.0,4160.0,4170.0,3331300.0,2026-08-18 15:30:00+07:00
1787042100,4170.0,4170.0,4160.0,4170.0,2449500.0,2026-08-18 15:35:00+07:00
1787042400,4170.0,4170.0,4160.0,4170.0,2731200.0,2026-08-18 15:40:00+07:00
1787042700,4160.0,4180.0,4160.0,4180.0,6218300.0,2026-08-18 15:45:00+07:00
1787043600,4150.0,4150.0,4150.0,4150.0,22093500.0,2026-08-18 16:00:00+07:00
1787043900,4150.0,4150.0,4150.0,4150.0,0.0,2026-08-18 16:05:00+07:00
1787044200,4150.0,4150.0,4150.0,4150.0,50400.0,2026-08-18 16:10:00+07:00
1787104800,4160.0,4160.0,4140.0,4150.0,0.0,2026-08-19 09:00:00+07:00
1787105100,4140.0,4160.0,4140.0,4160.0,5187900.0,2026-08-19 09:05:00+07:00
1787105400,4160.0,4160.0,4150.0,4160.0,418400.0,2026-08-19 09:10:00+07:00
1787105700,4160.0,4160.0,4140.0,4160.0,5906100.0,2026-08-19 09:15:00+07:00
1787106000,4160.0,4170.0,4150.0,4170.0,569900.0,2026-08-19 09:20:00+07:00
1787106300,4160.0,4170.0,4160.0,4170.0,218000.0,2026-08-19 09:25:00+07:00
1787106600,4170.0,4190.0,4160.0,4180.0,3811000.0,2026-08-19 09:30:00+07:00
1787106900,4170.0,4190.0,4170.0,4180.0,783900.0,2026-08-19 09:35:00+07:00
1787107200,4180.0,4190.0,4180.0,4180.0,503700.0,2026-08-19 09:40:00+07:00
1787107500,4180.0,4190.0,4170.0,4180.0,874300.0,2026-08-19 09:45:00+07:00
1787107800,4180.0,4180.0,4170.0,4180.0,237000.0,2026-08-19 09:50:00+07:00
1787108100,4170.0,4180.0,4170.0,4170.0,364500.0,2026-08-19 09:55:00+07:00
1787108400,4170.0,4180.0,4170.0,4180.0,509800.0,2026-08-19 10:00:00+07:00
1787108700,4180.0,4180.0,4170.0,4170.0,356100.0,2026-08-19 10:05:00+07:00
1787109000,4180.0,4180.0,4160.0,4170.0,2046400.0,2026-08-19 10:10:00+07:00
1787109300,4170.0,4170.0,4160.0,4160.0,441000.0,2026-08-19 10:15:00+07:00
1787109600,4160.0,4170.0,4150.0,4150.0,1681800.0,2026-08-19 10:20:00+07:00
1787109900,4160.0,4170.0,4150.0,4160.0,2051000.0,2026-08-19 10:25:00+07:00
1787110200,4170.0,4170.0,4160.0,4160.0,592500.0,2026-08-19 10:30:00+07:00
1787110500,4170.0,4170.0,4150.0,4150.0,500100.0,2026-08-19 10:35:00+07:00
1787110800,4150.0,4160.0,4150.0,4150.0,201400.0,2026-08-19 10:40:00+07:00
1787111100,4160.0,4160.0,4150.0,4150.0,353800.0,2026-08-19 10:45:00+07:00
1787111400,4160.0,4160.0,4150.0,4160.0,1765700.0,2026-08-19 10:50:00+07:00
1787111700,4150.0,4170.0,4150.0,4160.0,769100.0,2026-08-19 10:55:00+07:00
1787112000,4160.0,4170.0,4160.0,4160.0,102900.0,2026-08-19 11:00:00+07:00
1787112300,4170.0,4170.0,4160.0,4160.0,237800.0,2026-08-19 11:05:00+07:00
1787112600,4170.0,4170.0,4160.0,4170.0,148100.0,2026-08-19 11:10:00+07:00
1787112900,4170.0,4170.0,4160.0,4160.0,183400.0,2026-08-19 11:15:00+07:00
1787113200,4160.0,4170.0,4150.0,4150.0,958100.0,2026-08-19 11:20:00+07:00
1787113500,4150.0,4160.0,4150.0,4150.0,287600.0,2026-08-19 11:25:00+07:00
1787113800,4160.0,4160.0,4150.0,4160.0,176800.0,2026-08-19 11:30:00+07:00
1787114100,4160.0,4160.0,4150.0,4160.0,951700.0,2026-08-19 11:35:00+07:00
1787114400,4160.0,4160.0,4150.0,4160.0,1368800.0,2026-08-19 11:40:00+07:00
1787114700,4160.0,4170.0,4150.0,4160.0,221200.0,2026-08-19 11:45:00+07:00
1787115000,4160.0,4160.0,4150.0,4160.0,220800.0,2026-08-19 11:50:00+07:00
1787115300,4150.0,4160.0,4150.0,4150.0,574300.0,2026-08-19 11:55:00+07:00
1787121000,4160.0,4160.0,4150.0,4150.0,588300.0,2026-08-19 13:30:00+07:00
1787121300,4160.0,4160.0,4150.0,4150.0,234500.0,2026-08-19 13:35:00+07:00
1787121600,4150.0,4160.0,4150.0,4150.0,186400.0,2026-08-19 13:40:00+07:00
1787121900,4150.0,4160.0,4150.0,4160.0,289800.0,2026-08-19 13:45:00+07:00
1787122200,4150.0,4160.0,4150.0,4150.0,374400.0,2026-08-19 13:50:00+07:00
1787122500,4160.0,4160.0,4150.0,4150.0,272300.0,2026-08-19 13:55:00+07:00
1787122800,4150.0,4160.0,4150.0,4150.0,437100.0,2026-08-19 14:00:00+07:00
1787123100,4150.0,4160.0,4150.0,4150.0,310100.0,2026-08-19 14:05:00+07:00
1787123400,4150.0,4160.0,4150.0,4150.0,460200.0,2026-08-19 14:10:00+07:00
1787123700,4150.0,4160.0,4150.0,4150.0,4100100.0,2026-08-19 14:15:00+07:00
1787124000,4160.0,4160.0,4150.0,4160.0,1695900.0,2026-08-19 14:20:00+07:00
1787124300,4160.0,4170.0,4150.0,4160.0,989400.0,2026-08-19 14:25:00+07:00
1787124600,4160.0,4160.0,4150.0,4160.0,575700.0,2026-08-19 14:30:00+07:00
1787124900,4150.0,4160.0,4150.0,4150.0,183000.0,2026-08-19 14:35:00+07:00
1787125200,4150.0,4160.0,4150.0,4160.0,1729100.0,2026-08-19 14:40:00+07:00
1787125500,4160.0,4160.0,4150.0,4150.0,258200.0,2026-08-19 14:45:00+07:00
1787125800,4160.0,4160.0,4150.0,4160.0,275000.0,2026-08-19 14:50:00+07:00
1787126100,4150.0,4160.0,4150.0,4160.0,450600.0,2026-08-19 14:55:00+07:00
1787126400,4160.0,4160.0,4150.0,4160.0,712200.0,2026-08-19 15:00:00+07:00
1787126700,4160.0,4160.0,4150.0,4160.0,815800.0,2026-08-19 15:05:00+07:00
1787127000,4160.0,4160.0,4150.0,4160.0,302500.0,2026-08-19 15:10:00+07:00
1787127300,4150.0,4160.0,4150.0,4150.0,389600.0,2026-08-19 15:15:00+07:00
1787127600,4150.0,4160.0,4150.0,4150.0,663000.0,2026-08-19 15:20:00+07:00
1787127900,4150.0,4160.0,4150.0,4150.0,1966000.0,2026-08-19 15:25:00+07:00
1787128200,4160.0,4160.0,4150.0,4160.0,1990500.0,2026-08-19 15:30:00+07:00
1787128500,4150.0,4160.0,4140.0,4150.0,1619900.0,2026-08-19 15:35:00+07:00
1787128800,4140.0,4150.0,4140.0,4140.0,1303500.0,2026-08-19 15:40:00+07:00
1787129100,4150.0,4150.0,4140.0,4150.0,1566200.0,2026-08-19 15:45:00+07:00
1787130000,4140.0,4140.0,4140.0,4140.0,12329600.0,2026-08-19 16:00:00+07:00
1787130300,4140.0,4140.0,4140.0,4140.0,402600.0,2026-08-19 16:05:00+07:00
1787130600,4140.0,4140.0,4140.0,4140.0,82600.0,2026-08-19 16:10:00+07:00
1787191200,4160.0,4170.0,4150.0,4150.0,0.0,2026-08-20 09:00:00+07:00
1787191500,4160.0,4170.0,4150.0,4170.0,1510300.0,2026-08-20 09:05:00+07:00
1787191800,4170.0,4180.0,4160.0,4160.0,3622100.0,2026-08-20 09:10:00+07:00
1787192100,4170.0,4170.0,4150.0,4150.0,1413700.0,2026-08-20 09:15:00+07:00
1787192400,4160.0,4160.0,4140.0,4150.0,4757300.0,2026-08-20 09:20:00+07:00
1787192700,4150.0,4150.0,4140.0,4150.0,824300.0,2026-08-20 09:25:00+07:00
1787193000,4150.0,4160.0,4140.0,4160.0,320600.0,2026-08-20 09:30:00+07:00
1787193300,4160.0,4160.0,4150.0,4160.0,236300.0,2026-08-20 09:35:00+07:00
1787193600,4160.0,4160.0,4150.0,4150.0,595500.0,2026-08-20 09:40:00+07:00
1787193900,4160.0,4160.0,4150.0,4160.0,343300.0,2026-08-20 09:45:00+07:00
1787194200,4160.0,4160.0,4140.0,4150.0,2067800.0,2026-08-20 09:50:00+07:00
1787194500,4140.0,4150.0,4140.0,4140.0,387900.0,2026-08-20 09:55:00+07:00
1787194800,4150.0,4150.0,4140.0,4150.0,871500.0,2026-08-20 10:00:00+07:00
1787195100,4150.0,4150.0,4140.0,4150.0,624600.0,2026-08-20 10:05:00+07:00
1787195400,4150.0,4150.0,4140.0,4150.0,944900.0,2026-08-20 10:10:00+07:00
1787195700,4150.0,4160.0,4140.0,4150.0,878100.0,2026-08-20 10:15:00+07:00
1787196000,4150.0,4160.0,4140.0,4150.0,663400.0,2026-08-20 10:20:00+07:00
1787196300,4150.0,4150.0,4140.0,4150.0,674500.0,2026-08-20 10:25:00+07:00
1787196600,4160.0,4160.0,4150.0,4160.0,129500.0,2026-08-20 10:30:00+07:00
1787196900,4150.0,4160.0,4150.0,4160.0,117500.0,2026-08-20 10:35:00+07:00
1787197200,4160.0,4160.0,4150.0,4150.0,187700.0,2026-08-20 10:40:00+07:00
1787197500,4150.0,4160.0,4150.0,4160.0,260200.0,2026-08-20 10:45:00+07:00
1787197800,4150.0,4160.0,4150.0,4150.0,471000.0,2026-08-20 10:50:00+07:00
1787198100,4150.0,4160.0,4150.0,4150.0,244100.0,2026-08-20 10:55:00+07:00
1787198400,4150.0,4160.0,4140.0,4150.0,2061300.0,2026-08-20 11:00:00+07:00
1787198700,4150.0,4150.0,4140.0,4140.0,1440300.0,2026-08-20 11:05:00+07:00
1787199000,4150.0,4150.0,4140.0,4140.0,316400.0,2026-08-20 11:10:00+07:00
1787199300,4150.0,4150.0,4140.0,4150.0,297100.0,2026-08-20 11:15:00+07:00
1787199600,4150.0,4150.0,4140.0,4150.0,533300.0,2026-08-20 11:20:00+07:00
1787199900,4150.0,4150.0,4140.0,4150.0,264300.0,2026-08-20 11:25:00+07:00
1787200200,4140.0,4150.0,4140.0,4150.0,172800.0,2026-08-20 11:30:00+07:00
1787200500,4150.0,4150.0,4140.0,4150.0,328800.0,2026-08-20 11:35:00+07:00
1787200800,4140.0,4150.0,4140.0,4150.0,166800.0,2026-08-20 11:40:00+07:00
1787201100,4150.0,4150.0,4140.0,4140.0,237300.0,2026-08-20 11:45:00+07:00
1787201400,4150.0,4150.0,4140.0,4150.0,286400.0,2026-08-20 11:50:00+07:00
1787201700,4150.0,4150.0,4140.0,4150.0,247100.0,2026-08-20 11:55:00+07:00
1787207400,4150.0,4150.0,4140.0,4140.0,1870300.0,2026-08-20 13:30:00+07:00
1787207700,4150.0,4150.0,4140.0,4150.0,455700.0,2026-08-20 13:35:00+07:00
1787208000,4150.0,4160.0,4140.0,4160.0,1251300.0,2026-08-20 13:40:00+07:00
1787208300,4160.0,4160.0,4150.0,4150.0,180800.0,2026-08-20 13:45:00+07:00
1787208600,4160.0,4160.0,4150.0,4160.0,199000.0,2026-08-20 13:50:00+07:00
1787208900,4160.0,4160.0,4150.0,4160.0,1189300.0,2026-08-20 13:55:00+07:00
1787209200,4150.0,4160.0,4150.0,4160.0,207600.0,2026-08-20 14:00:00+07:00
1787209500,4160.0,4160.0,4150.0,4150.0,601500.0,2026-08-20 14:05:00+07:00
1787209800,4160.0,4160.0,4150.0,4160.0,242400.0,2026-08-20 14:10:00+07:00
1787210100,4160.0,4160.0,4140.0,4140.0,2883700.0,2026-08-20 14:15:00+07:00
1787210400,4150.0,4150.0,4140.0,4150.0,418000.0,2026-08-20 14:20:00+07:00
1787210700,4150.0,4150.0,4140.0,4150.0,516400.0,2026-08-20 14:25:00+07:00
1787211000,4150.0,4150.0,4140.0,4150.0,525000.0,2026-08-20 14:30:00+07:00
1787211300,4150.0,4150.0,4140.0,4150.0,448700.0,2026-08-20 14:35:00+07:00
1787211600,4150.0,4150.0,4140.0,4150.0,624900.0,2026-08-20 14:40:00+07:00
1787211900,4150.0,4150.0,4140.0,4150.0,416000.0,2026-08-20 14:45:00+07:00
1787212200,4150.0,4150.0,4140.0,4150.0,2052600.0,2026-08-20 14:50:00+07:00
1787212500,4150.0,4150.0,4140.0,4150.0,311200.0,2026-08-20 14:55:00+07:00
1787212800,4150.0,4150.0,4140.0,4150.0,608600.0,2026-08-20 15:00:00+07:00
1787213100,4150.0,4150.0,4140.0,4150.0,1184700.0,2026-08-20 15:05:00+07:00
1787213400,4150.0,4150.0,4140.0,4150.0,614200.0,2026-08-20 15:10:00+07:00
1787213700,4150.0,4150.0,4140.0,4150.0,1398200.0,2026-08-20 15:15:00+07:00
1787214000,4150.0,4150.0,4140.0,4150.0,869500.0,2026-08-20 15:20:00+07:00
1787214300,4150.0,4150.0,4140.0,4150.0,811700.0,2026-08-20 15:25:00+07:00
1787214600,4150.0,4150.0,4140.0,4150.0,1421800.0,2026-08-20 15:30:00+07:00
1787214900,4150.0,4150.0,4140.0,4150.0,1171900.0,2026-08-20 15:35:00+07:00
1787215200,4150.0,4150.0,4140.0,4140.0,1560100.0,2026-08-20 15:40:00+07:00
1787215500,4150.0,4160.0,4140.0,4150.0,4142700.0,2026-08-20 15:45:00+07:00
1787216400,4150.0,4150.0,4150.0,4150.0,14435500.0,2026-08-20 16:00:00+07:00
1787216700,4150.0,4150.0,4150.0,4150.0,52600.0,2026-08-20 16:05:00+07:00
1787217000,4150.0,4150.0,4150.0,4150.0,5300.0,2026-08-20 16:10:00+07:00
1787277600,4170.0,4210.0,4170.0,4200.0,0.0,2026-08-21 09:00:00+07:00
1787277900,4200.0,4220.0,4190.0,4200.0,7070400.0,2026-08-21 09:05:00+07:00
1787278200,4210.0,4210.0,4190.0,4190.0,5209000.0,2026-08-21 09:10:00+07:00
1787278500,4200.0,4200.0,4180.0,4190.0,3272500.0,2026-08-21 09:15:00+07:00
1787278800,4190.0,4200.0,4190.0,4190.0,771100.0,2026-08-21 09:20:00+07:00
1787279100,4190.0,4200.0,4190.0,4200.0,2990800.0,2026-08-21 09:25:00+07:00
1787279400,4190.0,4200.0,4190.0,4200.0,1974900.0,2026-08-21 09:30:00+07:00
1787279700,4190.0,4200.0,4190.0,4200.0,329800.0,2026-08-21 09:35:00+07:00
1787280000,4200.0,4200.0,4190.0,4200.0,624300.0,2026-08-21 09:40:00+07:00
1787280300,4200.0,4210.0,4190.0,4200.0,4297700.0,2026-08-21 09:45:00+07:00
1787280600,4210.0,4210.0,4200.0,4210.0,465300.0,2026-08-21 09:50:00+07:00
1787280900,4210.0,4210.0,4200.0,4210.0,413200.0,2026-08-21 09:55:00+07:00
1787281200,4210.0,4210.0,4200.0,4200.0,1384800.0,2026-08-21 10:00:00+07:00
1787281500,4200.0,4210.0,4200.0,4200.0,852100.0,2026-08-21 10:05:00+07:00
1787281800,4210.0,4210.0,4200.0,4200.0,441700.0,2026-08-21 10:10:00+07:00
1787282100,4210.0,4210.0,4200.0,4200.0,446200.0,2026-08-21 10:15:00+07:00
1787282400,4200.0,4210.0,4200.0,4200.0,1872800.0,2026-08-21 10:20:00+07:00
1787282700,4200.0,4210.0,4200.0,4200.0,250300.0,2026-08-21 10:25:00+07:00
1787283000,4200.0,4210.0,4200.0,4200.0,718000.0,2026-08-21 10:30:00+07:00
1787283300,4200.0,4220.0,4200.0,4210.0,6736100.0,2026-08-21 10:35:00+07:00
1787283600,4210.0,4220.0,4210.0,4220.0,1460300.0,2026-08-21 10:40:00+07:00
1787283900,4220.0,4220.0,4210.0,4210.0,2969900.0,2026-08-21 10:45:00+07:00
1787284200,4210.0,4220.0,4210.0,4210.0,425400.0,2026-08-21 10:50:00+07:00
1787284500,4210.0,4220.0,4210.0,4210.0,1609100.0,2026-08-21 10:55:00+07:00
1787284800,4210.0,4220.0,4200.0,4200.0,3171200.0,2026-08-21 11:00:00+07:00
1787285100,4210.0,4210.0,4200.0,4200.0,334200.0,2026-08-21 11:05:00+07:00
1787285400,4210.0,4210.0,4200.0,4210.0,520500.0,2026-08-21 11:10:00+07:00
1787285700,4200.0,4210.0,4200.0,4210.0,427900.0,2026-08-21 11:15:00+07:00
1787286000,4200.0,4210.0,4190.0,4200.0,4978100.0,2026-08-21 11:20:00+07:00
1787286300,4200.0,4210.0,4190.0,4200.0,1556300.0,2026-08-21 11:25:00+07:00
1787295600,4200.0,4210.0,4190.0,4210.0,5658400.0,2026-08-21 14:00:00+07:00
1787295900,4210.0,4220.0,4200.0,4220.0,7147600.0,2026-08-21 14:05:00+07:00
1787296200,4220.0,4230.0,4210.0,4220.0,8750000.0,2026-08-21 14:10:00+07:00
1787296500,4220.0,4240.0,4220.0,4230.0,5127100.0,2026-08-21 14:15:00+07:00
1787296800,4240.0,4240.0,4230.0,4240.0,2889200.0,2026-08-21 14:20:00+07:00
1787297100,4230.0,4240.0,4230.0,4230.0,876600.0,2026-08-21 14:25:00+07:00
1787297400,4240.0,4240.0,4220.0,4220.0,4653000.0,2026-08-21 14:30:00+07:00
1787297700,4220.0,4230.0,4220.0,4230.0,837600.0,2026-08-21 14:35:00+07:00
1787298000,4220.0,4230.0,4220.0,4230.0,811000.0,2026-08-21 14:40:00+07:00
1787298300,4220.0,4230.0,4220.0,4220.0,891000.0,2026-08-21 14:45:00+07:00
1787298600,4220.0,4230.0,4210.0,4220.0,3717700.0,2026-08-21 14:50:00+07:00
1787298900,4220.0,4220.0,4210.0,4220.0,509400.0,2026-08-21 14:55:00+07:00
1787299200,4220.0,4230.0,4210.0,4220.0,4110300.0,2026-08-21 15:00:00+07:00
1787299500,4230.0,4230.0,4220.0,4230.0,224600.0,2026-08-21 15:05:00+07:00
1787299800,4230.0,4230.0,4220.0,4220.0,2149200.0,2026-08-21 15:10:00+07:00
1787300100,4220.0,4230.0,4220.0,4220.0,334200.0,2026-08-21 15:15:00+07:00
1787300400,4220.0,4230.0,4220.0,4230.0,535000.0,2026-08-21 15:20:00+07:00
1787300700,4230.0,4230.0,4220.0,4230.0,2713800.0,2026-08-21 15:25:00+07:00
1787301000,4220.0,4230.0,4220.0,4220.0,2671400.0,2026-08-21 15:30:00+07:00
1787301300,4220.0,4230.0,4220.0,4220.0,972300.0,2026-08-21 15:35:00+07:00
1787301600,4230.0,4230.0,4220.0,4230.0,2097100.0,2026-08-21 15:40:00+07:00
1787301900,4220.0,4230.0,4220.0,4220.0,3803200.0,2026-08-21 15:45:00+07:00
1787302800,4220.0,4220.0,4220.0,4220.0,9568600.0,2026-08-21 16:00:00+07:00
1787303100,4220.0,4220.0,4220.0,4220.0,437100.0,2026-08-21 16:05:00+07:00
1787303400,4220.0,4220.0,4220.0,4220.0,281100.0,2026-08-21 16:10:00+07:00
1787536800,4220.0,4220.0,4180.0,4190.0,0.0,2026-08-24 09:00:00+07:00
1787537100,4190.0,4200.0,4180.0,4180.0,5918700.0,2026-08-24 09:05:00+07:00
1787537400,4190.0,4200.0,4180.0,4190.0,2528100.0,2026-08-24 09:10:00+07:00
1787537700,4180.0,4190.0,4180.0,4190.0,1415800.0,2026-08-24 09:15:00+07:00
1787538000,4180.0,4190.0,4170.0,4180.0,5481000.0,2026-08-24 09:20:00+07:00
1787538300,4170.0,4180.0,4170.0,4180.0,716600.0,2026-08-24 09:25:00+07:00
1787538600,4180.0,4180.0,4170.0,4170.0,666500.0,2026-08-24 09:30:00+07:00
1787538900,4180.0,4180.0,4170.0,4180.0,746800.0,2026-08-24 09:35:00+07:00
1787539200,4180.0,4190.0,4170.0,4180.0,3227800.0,2026-08-24 09:40:00+07:00
1787539500,4190.0,4190.0,4180.0,4180.0,390400.0,2026-08-24 09:45:00+07:00
1787539800,4180.0,4190.0,4180.0,4190.0,630700.0,2026-08-24 09:50:00+07:00
1787540100,4180.0,4190.0,4170.0,4180.0,4088900.0,2026-08-24 09:55:00+07:00
1787540400,4180.0,4180.0,4170.0,4180.0,363500.0,2026-08-24 10:00:00+07:00
1787540700,4180.0,4180.0,4170.0,4170.0,522800.0,2026-08-24 10:05:00+07:00
1787541000,4170.0,4190.0,4170.0,4170.0,2113300.0,2026-08-24 10:10:00+07:00
1787541300,4170.0,4190.0,4170.0,4190.0,224800.0,2026-08-24 10:15:00+07:00
1787541600,4190.0,4190.0,4180.0,4180.0,196700.0,2026-08-24 10:20:00+07:00
1787541900,4180.0,4190.0,4180.0,4180.0,316400.0,2026-08-24 10:25:00+07:00
1787542200,4180.0,4190.0,4180.0,4180.0,524000.0,2026-08-24 10:30:00+07:00
1787542500,4180.0,4190.0,4180.0,4180.0,209000.0,2026-08-24 10:35:00+07:00
1787542800,4190.0,4190.0,4180.0,4180.0,323000.0,2026-08-24 10:40:00+07:00
1787543100,4190.0,4190.0,4180.0,4180.0,466200.0,2026-08-24 10:45:00+07:00
1787543400,4180.0,4190.0,4170.0,4170.0,1539600.0,2026-08-24 10:50:00+07:00
1787543700,4170.0,4180.0,4170.0,4180.0,822400.0,2026-08-24 10:55:00+07:00
1787544000,4180.0,4180.0,4170.0,4180.0,232000.0,2026-08-24 11:00:00+07:00
1787544300,4180.0,4180.0,4170.0,4180.0,358300.0,2026-08-24 11:05:00+07:00
1787544600,4180.0,4190.0,4170.0,4190.0,1044100.0,2026-08-24 11:10:00+07:00
1787544900,4180.0,4190.0,4180.0,4190.0,527000.0,2026-08-24 11:15:00+07:00
1787545200,4190.0,4190.0,4180.0,4180.0,263500.0,2026-08-24 11:20:00+07:00
1787545500,4190.0,4190.0,4180.0,4180.0,322700.0,2026-08-24 11:25:00+07:00
1787545800,4180.0,4190.0,4180.0,4180.0,949600.0,2026-08-24 11:30:00+07:00
1787546100,4190.0,4190.0,4180.0,4190.0,130500.0,2026-08-24 11:35:00+07:00
1787546400,4190.0,4190.0,4180.0,4190.0,96100.0,2026-08-24 11:40:00+07:00
1787546700,4190.0,4190.0,4180.0,4180.0,316000.0,2026-08-24 11:45:00+07:00
1787547000,4190.0,4190.0,4180.0,4180.0,225500.0,2026-08-24 11:50:00+07:00
1787547300,4180.0,4190.0,4180.0,4190.0,813000.0,2026-08-24 11:55:00+07:00
1787553000,4180.0,4190.0,4180.0,4190.0,1138800.0,2026-08-24 13:30:00+07:00
1787553300,4180.0,4190.0,4180.0,4190.0,261000.0,2026-08-24 13:35:00+07:00
1787553600,4190.0,4190.0,4180.0,4180.0,438500.0,2026-08-24 13:40:00+07:00
1787553900,4190.0,4190.0,4180.0,4180.0,416700.0,2026-08-24 13:45:00+07:00
1787554200,4180.0,4190.0,4180.0,4180.0,255100.0,2026-08-24 13:50:00+07:00
1787554500,4190.0,4190.0,4180.0,4180.0,698200.0,2026-08-24 13:55:00+07:00
1787554800,4190.0,4190.0,4180.0,4190.0,361000.0,2026-08-24 14:00:00+07:00
1787555100,4190.0,4190.0,4180.0,4180.0,1343600.0,2026-08-24 14:05:00+07:00
1787555400,4180.0,4190.0,4180.0,4190.0,1512200.0,2026-08-24 14:10:00+07:00
1787555700,4180.0,4190.0,4180.0,4180.0,371600.0,2026-08-24 14:15:00+07:00
1787556000,4190.0,4190.0,4180.0,4190.0,385700.0,2026-08-24 14:20:00+07:00
1787556300,4190.0,4190.0,4180.0,4190.0,558400.0,2026-08-24 14:25:00+07:00
1787556600,4180.0,4190.0,4180.0,4190.0,1447700.0,2026-08-24 14:30:00+07:00
1787556900,4180.0,4190.0,4180.0,4180.0,588200.0,2026-08-24 14:35:00+07:00
1787557200,4190.0,4190.0,4180.0,4180.0,1609000.0,2026-08-24 14:40:00+07:00
1787557500,4180.0,4190.0,4180.0,4180.0,349600.0,2026-08-24 14:45:00+07:00
1787557800,4180.0,4190.0,4180.0,4180.0,1301900.0,2026-08-24 14:50:00+07:00
1787558100,4180.0,4190.0,4180.0,4180.0,822000.0,2026-08-24 14:55:00+07:00
1787558400,4180.0,4190.0,4170.0,4190.0,1112700.0,2026-08-24 15:00:00+07:00
1787558700,4180.0,4190.0,4180.0,4190.0,888500.0,2026-08-24 15:05:00+07:00
1787559000,4180.0,4190.0,4170.0,4190.0,729600.0,2026-08-24 15:10:00+07:00
1787559300,4180.0,4190.0,4170.0,4180.0,723200.0,2026-08-24 15:15:00+07:00
1787559600,4180.0,4190.0,4170.0,4180.0,731500.0,2026-08-24 15:20:00+07:00
1787559900,4190.0,4190.0,4180.0,4190.0,290000.0,2026-08-24 15:25:00+07:00
1787560200,4190.0,4190.0,4180.0,4190.0,503800.0,2026-08-24 15:30:00+07:00
1787560500,4190.0,4190.0,4180.0,4190.0,2044200.0,2026-08-24 15:35:00+07:00
1787560800,4180.0,4190.0,4170.0,4190.0,1633300.0,2026-08-24 15:40:00+07:00
1787561100,4180.0,4190.0,4180.0,4190.0,968200.0,2026-08-24 15:45:00+07:00
1787562000,4200.0,4200.0,4200.0,4200.0,10167100.0,2026-08-24 16:00:00+07:00
1787562300,4200.0,4200.0,4200.0,4200.0,51100.0,2026-08-24 16:05:00+07:00
1787562600,4200.0,4200.0,4200.0,4200.0,23100.0,2026-08-24 16:10:00+07:00
1787709600,4180.0,4190.0,4150.0,4160.0,0.0,2026-08-26 09:00:00+07:00
1787709900,4160.0,4170.0,4150.0,4150.0,7100300.0,2026-08-26 09:05:00+07:00
1787710200,4150.0,4170.0,4150.0,4170.0,5724100.0,2026-08-26 09:10:00+07:00
1787710500,4160.0,4170.0,4160.0,4170.0,1717700.0,2026-08-26 09:15:00+07:00
1787710800,4160.0,4170.0,4150.0,4170.0,3315700.0,2026-08-26 09:20:00+07:00
1787711100,4170.0,4180.0,4170.0,4170.0,7371500.0,2026-08-26 09:25:00+07:00
1787711400,4180.0,4180.0,4170.0,4170.0,1232300.0,2026-08-26 09:30:00+07:00
1787711700,4170.0,4180.0,4170.0,4170.0,1254600.0,2026-08-26 09:35:00+07:00
1787712000,4170.0,4180.0,4160.0,4160.0,4041200.0,2026-08-26 09:40:00+07:00
1787712300,4170.0,4170.0,4160.0,4160.0,1554000.0,2026-08-26 09:45:00+07:00
1787712600,4170.0,4170.0,4160.0,4170.0,429300.0,2026-08-26 09:50:00+07:00
1787712900,4160.0,4170.0,4160.0,4170.0,2038400.0,2026-08-26 09:55:00+07:00
1787713200,4170.0,4190.0,4170.0,4190.0,6607700.0,2026-08-26 10:00:00+07:00
1787713500,4180.0,4190.0,4180.0,4180.0,607500.0,2026-08-26 10:05:00+07:00
1787713800,4180.0,4190.0,4180.0,4190.0,798600.0,2026-08-26 10:10:00+07:00
1787714100,4190.0,4190.0,4170.0,4180.0,3474500.0,2026-08-26 10:15:00+07:00
1787714400,4180.0,4190.0,4180.0,4190.0,947300.0,2026-08-26 10:20:00+07:00
1787714700,4180.0,4190.0,4180.0,4190.0,721600.0,2026-08-26 10:25:00+07:00
1787715000,4180.0,4190.0,4180.0,4180.0,732600.0,2026-08-26 10:30:00+07:00
1787715300,4180.0,4190.0,4180.0,4190.0,599300.0,2026-08-26 10:35:00+07:00
1787715600,4190.0,4190.0,4180.0,4180.0,1307500.0,2026-08-26 10:40:00+07:00
1787715900,4190.0,4190.0,4170.0,4180.0,1577600.0,2026-08-26 10:45:00+07:00
1787716200,4170.0,4180.0,4170.0,4170.0,407000.0,2026-08-26 10:50:00+07:00
1787716500,4180.0,4180.0,4170.0,4180.0,542900.0,2026-08-26 10:55:00+07:00
1787716800,4170.0,4180.0,4170.0,4170.0,878100.0,2026-08-26 11:00:00+07:00
1787717100,4170.0,4180.0,4170.0,4170.0,280600.0,2026-08-26 11:05:00+07:00
1787717400,4170.0,4180.0,4170.0,4170.0,388200.0,2026-08-26 11:10:00+07:00
1787717700,4170.0,4180.0,4170.0,4180.0,1455100.0,2026-08-26 11:15:00+07:00
1787718000,4170.0,4180.0,4170.0,4170.0,929600.0,2026-08-26 11:20:00+07:00
1787718300,4170.0,4180.0,4170.0,4180.0,239500.0,2026-08-26 11:25:00+07:00
1787718600,4180.0,4180.0,4160.0,4170.0,3944500.0,2026-08-26 11:30:00+07:00
1787718900,4180.0,4180.0,4160.0,4170.0,1159900.0,2026-08-26 11:35:00+07:00
1787719200,4170.0,4180.0,4170.0,4170.0,357200.0,2026-08-26 11:40:00+07:00
1787719500,4170.0,4180.0,4170.0,4170.0,1096400.0,2026-08-26 11:45:00+07:00
1787719800,4170.0,4180.0,4160.0,4170.0,717600.0,2026-08-26 11:50:00+07:00
1787720100,4170.0,4180.0,4170.0,4180.0,100000.0,2026-08-26 11:55:00+07:00
1787725800,4170.0,4180.0,4170.0,4180.0,1288900.0,2026-08-26 13:30:00+07:00
1787726100,4170.0,4180.0,4170.0,4170.0,519200.0,2026-08-26 13:35:00+07:00
1787726400,4170.0,4180.0,4170.0,4170.0,378300.0,2026-08-26 13:40:00+07:00
1787726700,4180.0,4180.0,4170.0,4180.0,192000.0,2026-08-26 13:45:00+07:00
1787727000,4170.0,4180.0,4170.0,4170.0,381600.0,2026-08-26 13:50:00+07:00
1787727300,4170.0,4180.0,4170.0,4180.0,248200.0,2026-08-26 13:55:00+07:00
1787727600,4170.0,4180.0,4170.0,4180.0,467000.0,2026-08-26 14:00:00+07:00
1787727900,4180.0,4180.0,4170.0,4180.0,2096800.0,2026-08-26 14:05:00+07:00
1787728200,4170.0,4180.0,4160.0,4170.0,3541600.0,2026-08-26 14:10:00+07:00
1787728500,4170.0,4170.0,4160.0,4160.0,387200.0,2026-08-26 14:15:00+07:00
1787728800,4160.0,4170.0,4160.0,4160.0,2402600.0,2026-08-26 14:20:00+07:00
1787729100,4160.0,4170.0,4160.0,4170.0,466300.0,2026-08-26 14:25:00+07:00
1787729400,4160.0,4170.0,4160.0,4160.0,429100.0,2026-08-26 14:30:00+07:00
1787729700,4160.0,4170.0,4160.0,4160.0,656400.0,2026-08-26 14:35:00+07:00
1787730000,4170.0,4170.0,4160.0,4160.0,388500.0,2026-08-26 14:40:00+07:00
1787730300,4160.0,4170.0,4150.0,4160.0,6122200.0,2026-08-26 14:45:00+07:00
1787730600,4160.0,4160.0,4150.0,4160.0,1150000.0,2026-08-26 14:50:00+07:00
1787730900,4160.0,4160.0,4150.0,4160.0,898600.0,2026-08-26 14:55:00+07:00
1787731200,4150.0,4160.0,4150.0,4160.0,280200.0,2026-08-26 15:00:00+07:00
1787731500,4160.0,4160.0,4150.0,4160.0,482800.0,2026-08-26 15:05:00+07:00
1787731800,4150.0,4160.0,4150.0,4160.0,1553400.0,2026-08-26 15:10:00+07:00
1787732100,4160.0,4160.0,4150.0,4150.0,390700.0,2026-08-26 15:15:00+07:00
1787732400,4150.0,4160.0,4150.0,4150.0,480100.0,2026-08-26 15:20:00+07:00
1787732700,4150.0,4160.0,4150.0,4150.0,1661100.0,2026-08-26 15:25:00+07:00
1787733000,4160.0,4160.0,4150.0,4160.0,1852300.0,2026-08-26 15:30:00+07:00
1787733300,4150.0,4160.0,4150.0,4160.0,1563400.0,2026-08-26 15:35:00+07:00
1787733600,4150.0,4160.0,4150.0,4160.0,3192500.0,2026-08-26 15:40:00+07:00
1787733900,4160.0,4160.0,4150.0,4150.0,8779900.0,2026-08-26 15:45:00+07:00
1787734800,4160.0,4160.0,4160.0,4160.0,13438600.0,2026-08-26 16:00:00+07:00
1787735100,4160.0,4160.0,4160.0,4160.0,45600.0,2026-08-26 16:05:00+07:00
1787735400,4160.0,4160.0,4160.0,4160.0,112300.0,2026-08-26 16:10:00+07:00
1787796000,4140.0,4160.0,4140.0,4150.0,0.0,2026-08-27 09:00:00+07:00
1787796300,4150.0,4150.0,4130.0,4140.0,2280800.0,2026-08-27 09:05:00+07:00
1787796600,4150.0,4150.0,4140.0,4150.0,1209100.0,2026-08-27 09:10:00+07:00
1787796900,4150.0,4160.0,4140.0,4160.0,1493000.0,2026-08-27 09:15:00+07:00
1787797200,4160.0,4160.0,4150.0,4160.0,638000.0,2026-08-27 09:20:00+07:00
1787797500,4160.0,4160.0,4140.0,4150.0,2909800.0,2026-08-27 09:25:00+07:00
1787797800,4150.0,4150.0,4140.0,4140.0,1200700.0,2026-08-27 09:30:00+07:00
1787798100,4140.0,4150.0,4140.0,4150.0,415800.0,2026-08-27 09:35:00+07:00
1787798400,4150.0,4150.0,4140.0,4140.0,1638000.0,2026-08-27 09:40:00+07:00
1787798700,4150.0,4150.0,4140.0,4150.0,418800.0,2026-08-27 09:45:00+07:00
1787799000,4150.0,4150.0,4140.0,4150.0,403300.0,2026-08-27 09:50:00+07:00
1787799300,4150.0,4160.0,4140.0,4150.0,1371200.0,2026-08-27 09:55:00+07:00
1787799600,4160.0,4160.0,4140.0,4160.0,3334300.0,2026-08-27 10:00:00+07:00
1787799900,4150.0,4160.0,4150.0,4160.0,386600.0,2026-08-27 10:05:00+07:00
1787800200,4160.0,4160.0,4150.0,4150.0,689600.0,2026-08-27 10:10:00+07:00
1787800500,4160.0,4160.0,4150.0,4160.0,200900.0,2026-08-27 10:15:00+07:00
1787800800,4150.0,4160.0,4150.0,4160.0,209700.0,2026-08-27 10:20:00+07:00
1787801100,4160.0,4160.0,4150.0,4160.0,1193600.0,2026-08-27 10:25:00+07:00
1787801400,4150.0,4160.0,4150.0,4150.0,34800.0,2026-08-27 10:30:00+07:00
1787801700,4150.0,4160.0,4150.0,4160.0,369800.0,2026-08-27 10:35:00+07:00
1787802000,4160.0,4160.0,4150.0,4160.0,237400.0,2026-08-27 10:40:00+07:00
1787802300,4160.0,4160.0,4150.0,4160.0,545200.0,2026-08-27 10:45:00+07:00
1787802600,4160.0,4170.0,4150.0,4170.0,850700.0,2026-08-27 10:50:00+07:00
1787802900,4170.0,4170.0,4160.0,4170.0,383300.0,2026-08-27 10:55:00+07:00
1787803200,4170.0,4170.0,4160.0,4170.0,203600.0,2026-08-27 11:00:00+07:00
1787803500,4160.0,4170.0,4160.0,4170.0,150800.0,2026-08-27 11:05:00+07:00
1787803800,4170.0,4170.0,4160.0,4170.0,96600.0,2026-08-27 11:10:00+07:00
1787804100,4160.0,4170.0,4160.0,4170.0,349400.0,2026-08-27 11:15:00+07:00
1787804400,4170.0,4170.0,4160.0,4170.0,288400.0,2026-08-27 11:20:00+07:00
1787804700,4170.0,4170.0,4160.0,4170.0,291300.0,2026-08-27 11:25:00+07:00
1787805000,4170.0,4170.0,4160.0,4170.0,453100.0,2026-08-27 11:30:00+07:00
1787805300,4170.0,4170.0,4160.0,4160.0,377800.0,2026-08-27 11:35:00+07:00
1787805600,4170.0,4170.0,4160.0,4170.0,262700.0,2026-08-27 11:40:00+07:00
1787805900,4170.0,4170.0,4160.0,4170.0,156200.0,2026-08-27 11:45:00+07:00
1787806200,4170.0,4170.0,4160.0,4170.0,209800.0,2026-08-27 11:50:00+07:00
1787806500,4160.0,4170.0,4160.0,4160.0,271900.0,2026-08-27 11:55:00+07:00
1787812200,4170.0,4180.0,4160.0,4180.0,2076700.0,2026-08-27 13:30:00+07:00
1787812500,4170.0,4180.0,4170.0,4180.0,749000.0,2026-08-27 13:35:00+07:00
1787812800,4180.0,4190.0,4170.0,4190.0,2810600.0,2026-08-27 13:40:00+07:00
1787813100,4190.0,4200.0,4180.0,4190.0,2620200.0,2026-08-27 13:45:00+07:00
1787813400,4190.0,4200.0,4190.0,4200.0,379300.0,2026-08-27 13:50:00+07:00
1787813700,4190.0,4200.0,4190.0,4200.0,530300.0,2026-08-27 13:55:00+07:00
1787814000,4200.0,4200.0,4190.0,4200.0,381800.0,2026-08-27 14:00:00+07:00
1787814300,4190.0,4200.0,4190.0,4200.0,702800.0,2026-08-27 14:05:00+07:00
1787814600,4190.0,4200.0,4190.0,4200.0,578500.0,2026-08-27 14:10:00+07:00
1787814900,4200.0,4200.0,4190.0,4200.0,934400.0,2026-08-27 14:15:00+07:00
1787815200,4190.0,4200.0,4190.0,4190.0,894000.0,2026-08-27 14:20:00+07:00
1787815500,4200.0,4200.0,4190.0,4200.0,1077200.0,2026-08-27 14:25:00+07:00
1787815800,4200.0,4200.0,4190.0,4200.0,402300.0,2026-08-27 14:30:00+07:00
1787816100,4200.0,4200.0,4190.0,4190.0,311800.0,2026-08-27 14:35:00+07:00
1787816400,4200.0,4200.0,4190.0,4190.0,497400.0,2026-08-27 14:40:00+07:00
1787816700,4200.0,4200.0,4190.0,4200.0,566100.0,2026-08-27 14:45:00+07:00
1787817000,4200.0,4200.0,4180.0,4190.0,2031000.0,2026-08-27 14:50:00+07:00
1787817300,4190.0,4200.0,4180.0,4200.0,1114700.0,2026-08-27 14:55:00+07:00
1787817600,4200.0,4200.0,4190.0,4190.0,339700.0,2026-08-27 15:00:00+07:00
1787817900,4200.0,4200.0,4190.0,4200.0,251300.0,2026-08-27 15:05:00+07:00
1787818200,4200.0,4200.0,4190.0,4200.0,335200.0,2026-08-27 15:10:00+07:00
1787818500,4190.0,4200.0,4190.0,4200.0,451600.0,2026-08-27 15:15:00+07:00
1787818800,4200.0,4200.0,4190.0,4190.0,487000.0,2026-08-27 15:20:00+07:00
1787819100,4190.0,4200.0,4190.0,4190.0,510000.0,2026-08-27 15:25:00+07:00
1787819400,4200.0,4200.0,4190.0,4200.0,438800.0,2026-08-27 15:30:00+07:00
1787819700,4190.0,4200.0,4190.0,4200.0,1203800.0,2026-08-27 15:35:00+07:00
1787820000,4200.0,4200.0,4190.0,4200.0,1358000.0,2026-08-27 15:40:00+07:00
1787820300,4190.0,4210.0,4190.0,4210.0,1714900.0,2026-08-27 15:45:00+07:00
1787821200,4210.0,4210.0,4210.0,4210.0,7557900.0,2026-08-27 16:00:00+07:00
1787821500,4210.0,4210.0,4210.0,4210.0,110200.0,2026-08-27 16:05:00+07:00
1787821800,4210.0,4210.0,4210.0,4210.0,77000.0,2026-08-27 16:10:00+07:00
1787882400,4220.0,4230.0,4210.0,4230.0,0.0,2026-08-28 09:00:00+07:00
1787882700,4220.0,4230.0,4210.0,4220.0,1987900.0,2026-08-28 09:05:00+07:00
1787883000,4220.0,4220.0,4200.0,4210.0,3770700.0,2026-08-28 09:10:00+07:00
1787883300,4210.0,4220.0,4210.0,4210.0,391400.0,2026-08-28 09:15:00+07:00
1787883600,4220.0,4230.0,4210.0,4230.0,2949000.0,2026-08-28 09:20:00+07:00
1787883900,4230.0,4230.0,4220.0,4230.0,776100.0,2026-08-28 09:25:00+07:00
1787884200,4230.0,4230.0,4220.0,4220.0,1845800.0,2026-08-28 09:30:00+07:00
1787884500,4220.0,4230.0,4210.0,4220.0,1580200.0,2026-08-28 09:35:00+07:00
1787884800,4220.0,4230.0,4220.0,4220.0,389100.0,2026-08-28 09:40:00+07:00
1787885100,4220.0,4230.0,4210.0,4220.0,1520600.0,2026-08-28 09:45:00+07:00
1787885400,4220.0,4230.0,4210.0,4220.0,394700.0,2026-08-28 09:50:00+07:00
1787885700,4220.0,4230.0,4220.0,4220.0,334900.0,2026-08-28 09:55:00+07:00
1787886000,4230.0,4230.0,4220.0,4230.0,291400.0,2026-08-28 10:00:00+07:00
1787886300,4220.0,4230.0,4220.0,4220.0,445000.0,2026-08-28 10:05:00+07:00
1787886600,4220.0,4230.0,4220.0,4220.0,480900.0,2026-08-28 10:10:00+07:00
1787886900,4220.0,4230.0,4220.0,4220.0,739000.0,2026-08-28 10:15:00+07:00
1787887200,4220.0,4230.0,4210.0,4220.0,856800.0,2026-08-28 10:20:00+07:00
1787887500,4220.0,4230.0,4220.0,4220.0,200200.0,2026-08-28 10:25:00+07:00
1787887800,4220.0,4230.0,4220.0,4220.0,952600.0,2026-08-28 10:30:00+07:00
1787888100,4230.0,4240.0,4220.0,4240.0,6938900.0,2026-08-28 10:35:00+07:00
1787888400,4240.0,4240.0,4230.0,4230.0,503900.0,2026-08-28 10:40:00+07:00
1787888700,4230.0,4240.0,4230.0,4230.0,321100.0,2026-08-28 10:45:00+07:00
1787889000,4230.0,4240.0,4220.0,4240.0,1302900.0,2026-08-28 10:50:00+07:00
1787889300,4230.0,4240.0,4220.0,4230.0,1104100.0,2026-08-28 10:55:00+07:00
1787889600,4230.0,4240.0,4230.0,4230.0,837100.0,2026-08-28 11:00:00+07:00
1787889900,4230.0,4240.0,4230.0,4230.0,523300.0,2026-08-28 11:05:00+07:00
1787890200,4230.0,4240.0,4230.0,4240.0,220500.0,2026-08-28 11:10:00+07:00
1787890500,4240.0,4240.0,4230.0,4240.0,543800.0,2026-08-28 11:15:00+07:00
1787890800,4240.0,4240.0,4230.0,4230.0,396500.0,2026-08-28 11:20:00+07:00
1787891100,4230.0,4240.0,4220.0,4230.0,1820500.0,2026-08-28 11:25:00+07:00
1787900400,4230.0,4250.0,4230.0,4240.0,12920700.0,2026-08-28 14:00:00+07:00
1787900700,4240.0,4250.0,4230.0,4240.0,1532500.0,2026-08-28 14:05:00+07:00
1787901000,4240.0,4250.0,4230.0,4240.0,1639300.0,2026-08-28 14:10:00+07:00
1787901300,4240.0,4260.0,4240.0,4250.0,11724200.0,2026-08-28 14:15:00+07:00
1787901600,4250.0,4260.0,4250.0,4250.0,2092400.0,2026-08-28 14:20:00+07:00
1787901900,4260.0,4260.0,4240.0,4250.0,2960500.0,2026-08-28 14:25:00+07:00
1787902200,4240.0,4250.0,4240.0,4240.0,850400.0,2026-08-28 14:30:00+07:00
1787902500,4240.0,4250.0,4240.0,4240.0,839900.0,2026-08-28 14:35:00+07:00
1787902800,4240.0,4250.0,4240.0,4250.0,928700.0,2026-08-28 14:40:00+07:00
1787903100,4240.0,4250.0,4240.0,4250.0,1160100.0,2026-08-28 14:45:00+07:00
1787903400,4250.0,4250.0,4240.0,4240.0,1656300.0,2026-08-28 14:50:00+07:00
1787903700,4250.0,4250.0,4240.0,4240.0,768600.0,2026-08-28 14:55:00+07:00
1787904000,4240.0,4250.0,4240.0,4240.0,563000.0,2026-08-28 15:00:00+07:00
1787904300,4250.0,4250.0,4240.0,4250.0,324700.0,2026-08-28 15:05:00+07:00
1787904600,4250.0,4250.0,4240.0,4240.0,542500.0,2026-08-28 15:10:00+07:00
1787904900,4240.0,4260.0,4240.0,4250.0,6723800.0,2026-08-28 15:15:00+07:00
1787905200,4250.0,4260.0,4250.0,4250.0,1046400.0,2026-08-28 15:20:00+07:00
1787905500,4250.0,4260.0,4250.0,4260.0,991700.0,2026-08-28 15:25:00+07:00
1787905800,4260.0,4260.0,4240.0,4250.0,2503500.0,2026-08-28 15:30:00+07:00
1787906100,4250.0,4260.0,4240.0,4250.0,1300000.0,2026-08-28 15:35:00+07:00
1787906400,4250.0,4260.0,4240.0,4250.0,1283500.0,2026-08-28 15:40:00+07:00
1787906700,4260.0,4260.0,4240.0,4250.0,1729700.0,2026-08-28 15:45:00+07:00
1787907600,4250.0,4250.0,4250.0,4250.0,14749500.0,2026-08-28 16:00:00+07:00
1787907900,4250.0,4250.0,4250.0,4250.0,100300.0,2026-08-28 16:05:00+07:00
1787908200,4250.0,4250.0,4250.0,4250.0,170100.0,2026-08-28 16:10:00+07:00
1788141600,4260.0,4260.0,4220.0,4250.0,0.0,2026-08-31 09:00:00+07:00
1788141900,4250.0,4250.0,4240.0,4240.0,615700.0,2026-08-31 09:05:00+07:00
1788142200,4240.0,4270.0,4240.0,4250.0,6510600.0,2026-08-31 09:10:00+07:00
1788142500,4250.0,4260.0,4230.0,4240.0,4424500.0,2026-08-31 09:15:00+07:00
1788142800,4230.0,4250.0,4230.0,4250.0,2263500.0,2026-08-31 09:20:00+07:00
1788143100,4250.0,4250.0,4220.0,4230.0,3916600.0,2026-08-31 09:25:00+07:00
1788143400,4230.0,4230.0,4210.0,4220.0,2307900.0,2026-08-31 09:30:00+07:00
1788143700,4220.0,4220.0,4200.0,4200.0,2889800.0,2026-08-31 09:35:00+07:00
1788144000,4210.0,4210.0,4200.0,4210.0,3119400.0,2026-08-31 09:40:00+07:00
1788144300,4210.0,4220.0,4200.0,4210.0,2987600.0,2026-08-31 09:45:00+07:00
1788144600,4220.0,4220.0,4210.0,4220.0,934700.0,2026-08-31 09:50:00+07:00
1788144900,4220.0,4220.0,4210.0,4210.0,353100.0,2026-08-31 09:55:00+07:00
1788145200,4210.0,4220.0,4200.0,4210.0,3977800.0,2026-08-31 10:00:00+07:00
1788145500,4210.0,4210.0,4200.0,4210.0,860000.0,2026-08-31 10:05:00+07:00
1788145800,4200.0,4220.0,4200.0,4210.0,704000.0,2026-08-31 10:10:00+07:00
1788146100,4210.0,4220.0,4210.0,4220.0,404500.0,2026-08-31 10:15:00+07:00
1788146400,4220.0,4220.0,4210.0,4210.0,472400.0,2026-08-31 10:20:00+07:00
1788146700,4210.0,4220.0,4210.0,4210.0,362900.0,2026-08-31 10:25:00+07:00
1788147000,4210.0,4220.0,4210.0,4210.0,359500.0,2026-08-31 10:30:00+07:00
1788147300,4220.0,4220.0,4210.0,4210.0,469400.0,2026-08-31 10:35:00+07:00
1788147600,4210.0,4220.0,4200.0,4210.0,3189400.0,2026-08-31 10:40:00+07:00
1788147900,4210.0,4210.0,4200.0,4210.0,536200.0,2026-08-31 10:45:00+07:00
1788148200,4210.0,4210.0,4200.0,4200.0,413700.0,2026-08-31 10:50:00+07:00
1788148500,4210.0,4220.0,4200.0,4220.0,1895800.0,2026-08-31 10:55:00+07:00
1788148800,4220.0,4220.0,4210.0,4210.0,1219900.0,2026-08-31 11:00:00+07:00
1788149100,4210.0,4220.0,4210.0,4220.0,225100.0,2026-08-31 11:05:00+07:00
1788149400,4220.0,4220.0,4210.0,4220.0,370100.0,2026-08-31 11:10:00+07:00
1788149700,4210.0,4220.0,4210.0,4210.0,274300.0,2026-08-31 11:15:00+07:00
1788150000,4210.0,4220.0,4210.0,4210.0,398300.0,2026-08-31 11:20:00+07:00
1788150300,4210.0,4220.0,4210.0,4210.0,296000.0,2026-08-31 11:25:00+07:00
1788150600,4220.0,4220.0,4210.0,4220.0,233800.0,2026-08-31 11:30:00+07:00
1788150900,4210.0,4240.0,4210.0,4240.0,2780500.0,2026-08-31 11:35:00+07:00
1788151200,4240.0,4240.0,4230.0,4240.0,655400.0,2026-08-31 11:40:00+07:00
1788151500,4240.0,4240.0,4230.0,4240.0,2305600.0,2026-08-31 11:45:00+07:00
1788151800,4250.0,4250.0,4240.0,4250.0,681200.0,2026-08-31 11:50:00+07:00
1788152100,4250.0,4280.0,4240.0,4270.0,13342400.0,2026-08-31 11:55:00+07:00
1788157800,4270.0,4280.0,4250.0,4270.0,4383100.0,2026-08-31 13:30:00+07:00
1788158100,4270.0,4270.0,4260.0,4260.0,471600.0,2026-08-31 13:35:00+07:00
1788158400,4260.0,4270.0,4260.0,4260.0,665700.0,2026-08-31 13:40:00+07:00
1788158700,4270.0,4270.0,4250.0,4250.0,2762700.0,2026-08-31 13:45:00+07:00
1788159000,4260.0,4260.0,4250.0,4260.0,510700.0,2026-08-31 13:50:00+07:00
1788159300,4260.0,4260.0,4250.0,4260.0,634200.0,2026-08-31 13:55:00+07:00
1788159600,4260.0,4260.0,4250.0,4250.0,861600.0,2026-08-31 14:00:00+07:00
1788159900,4250.0,4260.0,4250.0,4250.0,1243500.0,2026-08-31 14:05:00+07:00
1788160200,4260.0,4260.0,4250.0,4260.0,832900.0,2026-08-31 14:10:00+07:00
1788160500,4260.0,4260.0,4250.0,4260.0,1273300.0,2026-08-31 14:15:00+07:00
1788160800,4260.0,4260.0,4250.0,4250.0,3215100.0,2026-08-31 14:20:00+07:00
1788161100,4250.0,4260.0,4250.0,4250.0,866000.0,2026-08-31 14:25:00+07:00
1788161400,4260.0,4260.0,4250.0,4250.0,525000.0,2026-08-31 14:30:00+07:00
1788161700,4250.0,4260.0,4250.0,4250.0,577300.0,2026-08-31 14:35:00+07:00
1788162000,4250.0,4260.0,4250.0,4250.0,704400.0,2026-08-31 14:40:00+07:00
1788162300,4250.0,4260.0,4250.0,4250.0,921300.0,2026-08-31 14:45:00+07:00
1788162600,4260.0,4260.0,4250.0,4250.0,3058900.0,2026-08-31 14:50:00+07:00
1788162900,4260.0,4260.0,4250.0,4250.0,998400.0,2026-08-31 14:55:00+07:00
1788163200,4250.0,4260.0,4240.0,4240.0,4218000.0,2026-08-31 15:00:00+07:00
1788163500,4240.0,4250.0,4240.0,4250.0,528600.0,2026-08-31 15:05:00+07:00
1788163800,4250.0,4250.0,4240.0,4240.0,950200.0,2026-08-31 15:10:00+07:00
1788164100,4240.0,4250.0,4240.0,4240.0,1145800.0,2026-08-31 15:15:00+07:00
1788164400,4240.0,4250.0,4240.0,4240.0,2287300.0,2026-08-31 15:20:00+07:00
1788164700,4240.0,4260.0,4240.0,4260.0,6822300.0,2026-08-31 15:25:00+07:00
1788165000,4260.0,4260.0,4250.0,4250.0,1249000.0,2026-08-31 15:30:00+07:00
1788165300,4250.0,4260.0,4230.0,4230.0,6004200.0,2026-08-31 15:35:00+07:00
1788165600,4230.0,4240.0,4230.0,4230.0,2470100.0,2026-08-31 15:40:00+07:00
1788165900,4240.0,4250.0,4230.0,4240.0,4640800.0,2026-08-31 15:45:00+07:00
1788166800,4230.0,4230.0,4230.0,4230.0,101651000.0,2026-08-31 16:00:00+07:00
1788167100,4230.0,4230.0,4230.0,4230.0,32500.0,2026-08-31 16:05:00+07:00
1788167400,4230.0,4230.0,4230.0,4230.0,69100.0,2026-08-31 16:10:00+07:00
1788228000,4230.0,4270.0,4230.0,4270.0,0.0,2026-09-01 09:00:00+07:00
1788228300,4270.0,4290.0,4260.0,4280.0,11658500.0,2026-09-01 09:05:00+07:00
1788228600,4280.0,4290.0,4270.0,4270.0,4293900.0,2026-09-01 09:10:00+07:00
1788228900,4270.0,4280.0,4270.0,4270.0,2385100.0,2026-09-01 09:15:00+07:00
1788229200,4280.0,4300.0,4270.0,4300.0,7592400.0,2026-09-01 09:20:00+07:00
1788229500,4300.0,4320.0,4290.0,4310.0,8564200.0,2026-09-01 09:25:00+07:00
1788229800,4310.0,4320.0,4300.0,4310.0,3865500.0,2026-09-01 09:30:00+07:00
1788230100,4300.0,4310.0,4300.0,4310.0,1537900.0,2026-09-01 09:35:00+07:00
1788230400,4300.0,4310.0,4300.0,4300.0,2684700.0,2026-09-01 09:40:00+07:00
1788230700,4310.0,4310.0,4290.0,4310.0,1050200.0,2026-09-01 09:45:00+07:00
1788231000,4300.0,4310.0,4290.0,4300.0,515200.0,2026-09-01 09:50:00+07:00
1788231300,4300.0,4300.0,4290.0,4300.0,424700.0,2026-09-01 09:55:00+07:00
1788231600,4300.0,4300.0,4290.0,4290.0,3378600.0,2026-09-01 10:00:00+07:00
1788231900,4290.0,4300.0,4290.0,4300.0,344400.0,2026-09-01 10:05:00+07:00
1788232200,4300.0,4310.0,4290.0,4300.0,2020400.0,2026-09-01 10:10:00+07:00
1788232500,4310.0,4310.0,4300.0,4300.0,218900.0,2026-09-01 10:15:00+07:00
1788232800,4300.0,4310.0,4300.0,4310.0,622400.0,2026-09-01 10:20:00+07:00
1788233100,4310.0,4320.0,4300.0,4310.0,4736600.0,2026-09-01 10:25:00+07:00
1788233400,4310.0,4320.0,4300.0,4310.0,1538500.0,2026-09-01 10:30:00+07:00
1788233700,4310.0,4310.0,4300.0,4310.0,503000.0,2026-09-01 10:35:00+07:00
1788234000,4310.0,4310.0,4300.0,4300.0,505500.0,2026-09-01 10:40:00+07:00
1788234300,4310.0,4310.0,4300.0,4310.0,436400.0,2026-09-01 10:45:00+07:00
1788234600,4310.0,4310.0,4300.0,4310.0,262400.0,2026-09-01 10:50:00+07:00
1788234900,4300.0,4310.0,4300.0,4300.0,321100.0,2026-09-01 10:55:00+07:00
1788235200,4300.0,4310.0,4300.0,4310.0,1264000.0,2026-09-01 11:00:00+07:00
1788235500,4310.0,4310.0,4300.0,4310.0,448100.0,2026-09-01 11:05:00+07:00
1788235800,4310.0,4310.0,4300.0,4310.0,302100.0,2026-09-01 11:10:00+07:00
1788236100,4300.0,4310.0,4300.0,4310.0,864000.0,2026-09-01 11:15:00+07:00
1788236400,4310.0,4310.0,4300.0,4310.0,2460100.0,2026-09-01 11:20:00+07:00
1788236700,4300.0,4310.0,4290.0,4310.0,4068400.0,2026-09-01 11:25:00+07:00
1788237000,4300.0,4310.0,4300.0,4300.0,325800.0,2026-09-01 11:30:00+07:00
1788237300,4310.0,4310.0,4300.0,4310.0,450200.0,2026-09-01 11:35:00+07:00
1788237600,4300.0,4310.0,4300.0,4300.0,594600.0,2026-09-01 11:40:00+07:00
1788237900,4310.0,4310.0,4300.0,4300.0,758800.0,2026-09-01 11:45:00+07:00
1788238200,4310.0,4310.0,4300.0,4300.0,736000.0,2026-09-01 11:50:00+07:00
1788238500,4300.0,4310.0,4300.0,4300.0,556900.0,2026-09-01 11:55:00+07:00
1788244200,4310.0,4320.0,4300.0,4320.0,4970600.0,2026-09-01 13:30:00+07:00
1788244500,4320.0,4320.0,4300.0,4310.0,677100.0,2026-09-01 13:35:00+07:00
1788244800,4310.0,4320.0,4300.0,4310.0,751000.0,2026-09-01 13:40:00+07:00
1788245100,4320.0,4320.0,4310.0,4310.0,489200.0,2026-09-01 13:45:00+07:00
1788245400,4310.0,4320.0,4310.0,4310.0,383700.0,2026-09-01 13:50:00+07:00
1788245700,4320.0,4320.0,4310.0,4320.0,1207500.0,2026-09-01 13:55:00+07:00
1788246000,4310.0,4320.0,4310.0,4320.0,789600.0,2026-09-01 14:00:00+07:00
1788246300,4320.0,4320.0,4310.0,4320.0,3661200.0,2026-09-01 14:05:00+07:00
1788246600,4320.0,4320.0,4310.0,4320.0,2789800.0,2026-09-01 14:10:00+07:00
1788246900,4310.0,4320.0,4310.0,4310.0,1462800.0,2026-09-01 14:15:00+07:00
1788247200,4320.0,4320.0,4300.0,4310.0,3866200.0,2026-09-01 14:20:00+07:00
1788247500,4310.0,4320.0,4300.0,4310.0,619400.0,2026-09-01 14:25:00+07:00
1788247800,4310.0,4310.0,4300.0,4300.0,210500.0,2026-09-01 14:30:00+07:00
1788248100,4300.0,4320.0,4300.0,4310.0,3013100.0,2026-09-01 14:35:00+07:00
1788248400,4310.0,4320.0,4310.0,4310.0,1297700.0,2026-09-01 14:40:00+07:00
1788248700,4310.0,4320.0,4310.0,4320.0,2631100.0,2026-09-01 14:45:00+07:00
1788249000,4310.0,4320.0,4310.0,4320.0,1534300.0,2026-09-01 14:50:00+07:00
1788249300,4310.0,4320.0,4310.0,4310.0,1767800.0,2026-09-01 14:55:00+07:00
1788249600,4320.0,4320.0,4310.0,4310.0,2943900.0,2026-09-01 15:00:00+07:00
1788249900,4320.0,4320.0,4310.0,4310.0,3736300.0,2026-09-01 15:05:00+07:00
1788250200,4310.0,4320.0,4310.0,4320.0,837800.0,2026-09-01 15:10:00+07:00
1788250500,4320.0,4320.0,4310.0,4310.0,1921200.0,2026-09-01 15:15:00+07:00
1788250800,4310.0,4320.0,4310.0,4310.0,746200.0,2026-09-01 15:20:00+07:00
1788251100,4310.0,4320.0,4310.0,4310.0,3407200.0,2026-09-01 15:25:00+07:00
1788251400,4320.0,4320.0,4300.0,4320.0,12045000.0,2026-09-01 15:30:00+07:00
1788251700,4310.0,4320.0,4300.0,4310.0,3223600.0,2026-09-01 15:35:00+07:00
1788252000,4300.0,4320.0,4300.0,4310.0,9208900.0,2026-09-01 15:40:00+07:00
1788252300,4320.0,4320.0,4310.0,4320.0,13318500.0,2026-09-01 15:45:00+07:00
1788253200,4320.0,4320.0,4320.0,4320.0,29664700.0,2026-09-01 16:00:00+07:00
1788253500,4320.0,4320.0,4320.0,4320.0,1010700.0,2026-09-01 16:05:00+07:00
1788253800,4320.0,4320.0,4320.0,4320.0,275800.0,2026-09-01 16:10:00+07:00
1788314400,4350.0,4390.0,4340.0,4380.0,0.0,2026-09-02 09:00:00+07:00
1788314700,4380.0,4390.0,4360.0,4370.0,8440000.0,2026-09-02 09:05:00+07:00
1788315000,4360.0,4370.0,4360.0,4360.0,2366200.0,2026-09-02 09:10:00+07:00
1788315300,4370.0,4370.0,4350.0,4360.0,4675400.0,2026-09-02 09:15:00+07:00
1788315600,4360.0,4370.0,4350.0,4360.0,3148800.0,2026-09-02 09:20:00+07:00
1788315900,4360.0,4360.0,4350.0,4350.0,2287000.0,2026-09-02 09:25:00+07:00
1788316200,4360.0,4360.0,4350.0,4360.0,5468800.0,2026-09-02 09:30:00+07:00
1788316500,4360.0,4370.0,4350.0,4360.0,2194300.0,2026-09-02 09:35:00+07:00
1788316800,4360.0,4360.0,4340.0,4350.0,7006000.0,2026-09-02 09:40:00+07:00
1788317100,4340.0,4350.0,4320.0,4330.0,5688400.0,2026-09-02 09:45:00+07:00
1788317400,4320.0,4330.0,4320.0,4330.0,1196500.0,2026-09-02 09:50:00+07:00
1788317700,4330.0,4350.0,4320.0,4350.0,2789100.0,2026-09-02 09:55:00+07:00
1788318000,4350.0,4360.0,4340.0,4350.0,1966800.0,2026-09-02 10:00:00+07:00
1788318300,4340.0,4350.0,4340.0,4350.0,293800.0,2026-09-02 10:05:00+07:00
1788318600,4340.0,4350.0,4340.0,4340.0,499300.0,2026-09-02 10:10:00+07:00
1788318900,4350.0,4350.0,4340.0,4350.0,612400.0,2026-09-02 10:15:00+07:00
1788319200,4350.0,4350.0,4340.0,4350.0,1549200.0,2026-09-02 10:20:00+07:00
1788319500,4350.0,4360.0,4340.0,4340.0,1887100.0,2026-09-02 10:25:00+07:00
1788319800,4350.0,4350.0,4340.0,4340.0,135500.0,2026-09-02 10:30:00+07:00
1788320100,4340.0,4350.0,4340.0,4340.0,244100.0,2026-09-02 10:35:00+07:00
1788320400,4350.0,4350.0,4340.0,4340.0,170800.0,2026-09-02 10:40:00+07:00
1788320700,4350.0,4350.0,4340.0,4340.0,817300.0,2026-09-02 10:45:00+07:00
1788321000,4350.0,4350.0,4340.0,4350.0,571300.0,2026-09-02 10:50:00+07:00
1788321300,4350.0,4350.0,4340.0,4350.0,585400.0,2026-09-02 10:55:00+07:00
1788321600,4350.0,4350.0,4340.0,4350.0,608200.0,2026-09-02 11:00:00+07:00
1788321900,4340.0,4350.0,4340.0,4350.0,225400.0,2026-09-02 11:05:00+07:00
1788322200,4340.0,4350.0,4340.0,4350.0,485000.0,2026-09-02 11:10:00+07:00
1788322500,4340.0,4350.0,4330.0,4340.0,2551800.0,2026-09-02 11:15:00+07:00
1788322800,4340.0,4340.0,4330.0,4340.0,459700.0,2026-09-02 11:20:00+07:00
1788323100,4340.0,4340.0,4330.0,4340.0,1028700.0,2026-09-02 11:25:00+07:00
1788323400,4330.0,4340.0,4330.0,4340.0,339700.0,2026-09-02 11:30:00+07:00
1788323700,4340.0,4340.0,4330.0,4340.0,222100.0,2026-09-02 11:35:00+07:00
1788324000,4340.0,4340.0,4330.0,4340.0,430400.0,2026-09-02 11:40:00+07:00
1788324300,4340.0,4350.0,4330.0,4340.0,825500.0,2026-09-02 11:45:00+07:00
1788324600,4340.0,4340.0,4330.0,4340.0,283400.0,2026-09-02 11:50:00+07:00
1788324900,4340.0,4340.0,4330.0,4340.0,451000.0,2026-09-02 11:55:00+07:00
1788330600,4340.0,4340.0,4330.0,4340.0,2131300.0,2026-09-02 13:30:00+07:00
1788330900,4340.0,4340.0,4330.0,4340.0,536900.0,2026-09-02 13:35:00+07:00
1788331200,4340.0,4340.0,4330.0,4340.0,706100.0,2026-09-02 13:40:00+07:00
1788331500,4340.0,4340.0,4330.0,4340.0,1876900.0,2026-09-02 13:45:00+07:00
1788331800,4340.0,4340.0,4330.0,4340.0,1760800.0,2026-09-02 13:50:00+07:00
1788332100,4340.0,4340.0,4330.0,4340.0,907600.0,2026-09-02 13:55:00+07:00
1788332400,4340.0,4340.0,4330.0,4340.0,1032900.0,2026-09-02 14:00:00+07:00
1788332700,4340.0,4350.0,4330.0,4340.0,1645100.0,2026-09-02 14:05:00+07:00
1788333000,4340.0,4350.0,4340.0,4340.0,193000.0,2026-09-02 14:10:00+07:00
1788333300,4340.0,4350.0,4340.0,4340.0,1610700.0,2026-09-02 14:15:00+07:00
1788333600,4350.0,4350.0,4340.0,4340.0,525000.0,2026-09-02 14:20:00+07:00
1788333900,4340.0,4350.0,4330.0,4340.0,3115300.0,2026-09-02 14:25:00+07:00
1788334200,4340.0,4340.0,4330.0,4340.0,373200.0,2026-09-02 14:30:00+07:00
1788334500,4330.0,4340.0,4330.0,4340.0,818400.0,2026-09-02 14:35:00+07:00
1788334800,4340.0,4340.0,4330.0,4340.0,633100.0,2026-09-02 14:40:00+07:00
1788335100,4340.0,4340.0,4330.0,4340.0,647700.0,2026-09-02 14:45:00+07:00
1788335400,4340.0,4340.0,4330.0,4330.0,1488000.0,2026-09-02 14:50:00+07:00
1788335700,4340.0,4340.0,4330.0,4340.0,678500.0,2026-09-02 14:55:00+07:00
1788336000,4330.0,4340.0,4320.0,4330.0,6273200.0,2026-09-02 15:00:00+07:00
1788336300,4330.0,4330.0,4320.0,4330.0,624600.0,2026-09-02 15:05:00+07:00
1788336600,4330.0,4330.0,4320.0,4330.0,415000.0,2026-09-02 15:10:00+07:00
1788336900,4330.0,4330.0,4320.0,4330.0,854800.0,2026-09-02 15:15:00+07:00
1788337200,4330.0,4340.0,4320.0,4340.0,2940600.0,2026-09-02 15:20:00+07:00
1788337500,4340.0,4340.0,4330.0,4340.0,1395600.0,2026-09-02 15:25:00+07:00
1788337800,4340.0,4340.0,4330.0,4340.0,529200.0,2026-09-02 15:30:00+07:00
1788338100,4340.0,4340.0,4330.0,4340.0,637200.0,2026-09-02 15:35:00+07:00
1788338400,4340.0,4350.0,4330.0,4340.0,3555200.0,2026-09-02 15:40:00+07:00
1788338700,4350.0,4350.0,4330.0,4330.0,2862700.0,2026-09-02 15:45:00+07:00
1788339600,4360.0,4360.0,4360.0,4360.0,15692400.0,2026-09-02 16:00:00+07:00
1788339900,4360.0,4360.0,4360.0,4360.0,44900.0,2026-09-02 16:05:00+07:00
1788340200,4360.0,4360.0,4360.0,4360.0,130300.0,2026-09-02 16:10:00+07:00
1788400800,4390.0,4400.0,4360.0,4370.0,0.0,2026-09-03 09:00:00+07:00
1788401100,4370.0,4400.0,4360.0,4390.0,6553300.0,2026-09-03 09:05:00+07:00
1788401400,4390.0,4400.0,4380.0,4390.0,7214400.0,2026-09-03 09:10:00+07:00
1788401700,4390.0,4400.0,4380.0,4390.0,6451600.0,2026-09-03 09:15:00+07:00
1788402000,4390.0,4410.0,4380.0,4410.0,10004100.0,2026-09-03 09:20:00+07:00
1788402300,4400.0,4410.0,4390.0,4400.0,4678500.0,2026-09-03 09:25:00+07:00
1788402600,4400.0,4400.0,4390.0,4400.0,1151300.0,2026-09-03 09:30:00+07:00
1788402900,4390.0,4400.0,4390.0,4400.0,1913400.0,2026-09-03 09:35:00+07:00
1788403200,4400.0,4400.0,4390.0,4390.0,1214400.0,2026-09-03 09:40:00+07:00
1788403500,4400.0,4400.0,4390.0,4400.0,1400500.0,2026-09-03 09:45:00+07:00
1788403800,4390.0,4400.0,4390.0,4400.0,1121000.0,2026-09-03 09:50:00+07:00
1788404100,4400.0,4400.0,4390.0,4400.0,1847400.0,2026-09-03 09:55:00+07:00
1788404400,4400.0,4410.0,4390.0,4410.0,6220400.0,2026-09-03 10:00:00+07:00
1788404700,4410.0,4420.0,4400.0,4420.0,4032000.0,2026-09-03 10:05:00+07:00
1788405000,4420.0,4440.0,4410.0,4440.0,9910900.0,2026-09-03 10:10:00+07:00
1788405300,4440.0,4440.0,4430.0,4440.0,2632800.0,2026-09-03 10:15:00+07:00
1788405600,4440.0,4440.0,4430.0,4440.0,1711100.0,2026-09-03 10:20:00+07:00
1788405900,4440.0,4440.0,4430.0,4440.0,1580900.0,2026-09-03 10:25:00+07:00
1788406200,4440.0,4440.0,4420.0,4430.0,3994400.0,2026-09-03 10:30:00+07:00
1788406500,4420.0,4430.0,4400.0,4400.0,4268900.0,2026-09-03 10:35:00+07:00
1788406800,4400.0,4410.0,4400.0,4410.0,3164300.0,2026-09-03 10:40:00+07:00
1788407100,4410.0,4420.0,4400.0,4410.0,1204400.0,2026-09-03 10:45:00+07:00
1788407400,4400.0,4410.0,4400.0,4400.0,483400.0,2026-09-03 10:50:00+07:00
1788407700,4410.0,4410.0,4400.0,4400.0,570800.0,2026-09-03 10:55:00+07:00
1788408000,4410.0,4410.0,4400.0,4410.0,1247700.0,2026-09-03 11:00:00+07:00
1788408300,4410.0,4420.0,4400.0,4420.0,2248200.0,2026-09-03 11:05:00+07:00
1788408600,4420.0,4420.0,4410.0,4420.0,1648800.0,2026-09-03 11:10:00+07:00
1788408900,4420.0,4430.0,4410.0,4430.0,2575000.0,2026-09-03 11:15:00+07:00
1788409200,4430.0,4430.0,4420.0,4430.0,1165100.0,2026-09-03 11:20:00+07:00
1788409500,4430.0,4430.0,4420.0,4430.0,1223500.0,2026-09-03 11:25:00+07:00
1788409800,4420.0,4430.0,4420.0,4430.0,529800.0,2026-09-03 11:30:00+07:00
1788410100,4420.0,4430.0,4420.0,4430.0,954600.0,2026-09-03 11:35:00+07:00
1788410400,4430.0,4430.0,4420.0,4430.0,1275300.0,2026-09-03 11:40:00+07:00
1788410700,4420.0,4430.0,4420.0,4420.0,1654800.0,2026-09-03 11:45:00+07:00
1788411000,4430.0,4430.0,4420.0,4430.0,1179700.0,2026-09-03 11:50:00+07:00
1788411300,4430.0,4440.0,4420.0,4420.0,4904900.0,2026-09-03 11:55:00+07:00
1788417000,4430.0,4430.0,4420.0,4430.0,1895500.0,2026-09-03 13:30:00+07:00
1788417300,4430.0,4430.0,4420.0,4430.0,481900.0,2026-09-03 13:35:00+07:00
1788417600,4420.0,4430.0,4420.0,4430.0,674700.0,2026-09-03 13:40:00+07:00
1788417900,4430.0,4430.0,4410.0,4410.0,8679300.0,2026-09-03 13:45:00+07:00
1788418200,4410.0,4420.0,4410.0,4420.0,1763400.0,2026-09-03 13:50:00+07:00
1788418500,4420.0,4420.0,4400.0,4410.0,2269000.0,2026-09-03 13:55:00+07:00
1788418800,4410.0,4430.0,4400.0,4430.0,3440300.0,2026-09-03 14:00:00+07:00
1788419100,4430.0,4440.0,4420.0,4440.0,1836700.0,2026-09-03 14:05:00+07:00
1788419400,4440.0,4440.0,4430.0,4440.0,897500.0,2026-09-03 14:10:00+07:00
1788419700,4430.0,4440.0,4420.0,4430.0,5122600.0,2026-09-03 14:15:00+07:00
1788420000,4430.0,4430.0,4420.0,4420.0,879600.0,2026-09-03 14:20:00+07:00
1788420300,4430.0,4430.0,4420.0,4420.0,1247400.0,2026-09-03 14:25:00+07:00
1788420600,4420.0,4440.0,4420.0,4430.0,5497800.0,2026-09-03 14:30:00+07:00
1788420900,4430.0,4440.0,4430.0,4440.0,2128000.0,2026-09-03 14:35:00+07:00
1788421200,4440.0,4440.0,4430.0,4440.0,699200.0,2026-09-03 14:40:00+07:00
1788421500,4430.0,4440.0,4430.0,4440.0,2977300.0,2026-09-03 14:45:00+07:00
1788421800,4430.0,4440.0,4420.0,4430.0,3760100.0,2026-09-03 14:50:00+07:00
1788422100,4420.0,4430.0,4420.0,4430.0,740400.0,2026-09-03 14:55:00+07:00
1788422400,4430.0,4440.0,4420.0,4430.0,4082300.0,2026-09-03 15:00:00+07:00
1788422700,4430.0,4440.0,4430.0,4430.0,582100.0,2026-09-03 15:05:00+07:00
1788423000,4440.0,4440.0,4430.0,4440.0,8356400.0,2026-09-03 15:10:00+07:00
1788423300,4440.0,4450.0,4430.0,4450.0,3512200.0,2026-09-03 15:15:00+07:00
1788423600,4450.0,4450.0,4440.0,4450.0,2818300.0,2026-09-03 15:20:00+07:00
1788423900,4450.0,4450.0,4440.0,4450.0,2137100.0,2026-09-03 15:25:00+07:00
1788424200,4450.0,4450.0,4440.0,4450.0,3211500.0,2026-09-03 15:30:00+07:00
1788424500,4450.0,4450.0,4440.0,4440.0,2568300.0,2026-09-03 15:35:00+07:00
1788424800,4440.0,4450.0,4440.0,4440.0,7216500.0,2026-09-03 15:40:00+07:00
1788425100,4440.0,4450.0,4430.0,4440.0,14463600.0,2026-09-03 15:45:00+07:00
1788426000,4460.0,4460.0,4460.0,4460.0,25414500.0,2026-09-03 16:00:00+07:00
1788426300,4460.0,4460.0,4460.0,4460.0,70200.0,2026-09-03 16:05:00+07:00
1788426600,4460.0,4460.0,4460.0,4460.0,3728300.0,2026-09-03 16:10:00+07:00
1788487200,4480.0,4480.0,4450.0,4460.0,0.0,2026-09-04 09:00:00+07:00
1788487500,4460.0,4470.0,4450.0,4450.0,1775300.0,2026-09-04 09:05:00+07:00
1788487800,4460.0,4470.0,4460.0,4470.0,1153400.0,2026-09-04 09:10:00+07:00
1788488100,4460.0,4470.0,4460.0,4460.0,933600.0,2026-09-04 09:15:00+07:00
1788488400,4460.0,4470.0,4450.0,4450.0,3109900.0,2026-09-04 09:20:00+07:00
1788488700,4460.0,4460.0,4450.0,4450.0,1047800.0,2026-09-04 09:25:00+07:00
1788489000,4460.0,4460.0,4450.0,4450.0,1924500.0,2026-09-04 09:30:00+07:00
1788489300,4450.0,4460.0,4450.0,4450.0,835400.0,2026-09-04 09:35:00+07:00
1788489600,4450.0,4460.0,4440.0,4440.0,7203400.0,2026-09-04 09:40:00+07:00
1788489900,4430.0,4440.0,4420.0,4420.0,3257600.0,2026-09-04 09:45:00+07:00
1788490200,4430.0,4430.0,4420.0,4430.0,2866700.0,2026-09-04 09:50:00+07:00
1788490500,4430.0,4430.0,4420.0,4420.0,1017800.0,2026-09-04 09:55:00+07:00
1788490800,4420.0,4450.0,4420.0,4450.0,2173300.0,2026-09-04 10:00:00+07:00
1788491100,4440.0,4460.0,4440.0,4460.0,1725600.0,2026-09-04 10:05:00+07:00
1788491400,4460.0,4460.0,4450.0,4450.0,2377300.0,2026-09-04 10:10:00+07:00
1788491700,4440.0,4460.0,4440.0,4450.0,663200.0,2026-09-04 10:15:00+07:00
1788492000,4450.0,4450.0,4440.0,4450.0,333900.0,2026-09-04 10:20:00+07:00
1788492300,4440.0,4450.0,4440.0,4440.0,489700.0,2026-09-04 10:25:00+07:00
1788492600,4440.0,4450.0,4440.0,4450.0,367400.0,2026-09-04 10:30:00+07:00
1788492900,4440.0,4450.0,4440.0,4450.0,473800.0,2026-09-04 10:35:00+07:00
1788493200,4440.0,4450.0,4440.0,4450.0,398900.0,2026-09-04 10:40:00+07:00
1788493500,4440.0,4450.0,4440.0,4450.0,319000.0,2026-09-04 10:45:00+07:00
1788493800,4440.0,4450.0,4440.0,4450.0,711100.0,2026-09-04 10:50:00+07:00
1788494100,4440.0,4450.0,4440.0,4450.0,564400.0,2026-09-04 10:55:00+07:00
1788494400,4450.0,4450.0,4440.0,4450.0,515400.0,2026-09-04 11:00:00+07:00
1788494700,4450.0,4450.0,4440.0,4440.0,194900.0,2026-09-04 11:05:00+07:00
1788495000,4450.0,4450.0,4440.0,4440.0,576100.0,2026-09-04 11:10:00+07:00
1788495300,4450.0,4450.0,4440.0,4450.0,272000.0,2026-09-04 11:15:00+07:00
1788495600,4450.0,4450.0,4440.0,4450.0,566100.0,2026-09-04 11:20:00+07:00
1788495900,4450.0,4450.0,4440.0,4450.0,381300.0,2026-09-04 11:25:00+07:00
1788505200,4440.0,4450.0,4430.0,4440.0,8233100.0,2026-09-04 14:00:00+07:00
1788505500,4440.0,4450.0,4430.0,4450.0,890800.0,2026-09-04 14:05:00+07:00
1788505800,4450.0,4450.0,4440.0,4440.0,478500.0,2026-09-04 14:10:00+07:00
1788506100,4440.0,4450.0,4440.0,4450.0,630700.0,2026-09-04 14:15:00+07:00
1788506400,4450.0,4450.0,4440.0,4440.0,349500.0,2026-09-04 14:20:00+07:00
1788506700,4440.0,4450.0,4430.0,4440.0,1893500.0,2026-09-04 14:25:00+07:00
1788507000,4440.0,4440.0,4430.0,4440.0,408100.0,2026-09-04 14:30:00+07:00
1788507300,4430.0,4440.0,4420.0,4430.0,2951100.0,2026-09-04 14:35:00+07:00
1788507600,4430.0,4430.0,4420.0,4430.0,698800.0,2026-09-04 14:40:00+07:00
1788507900,4430.0,4430.0,4420.0,4430.0,2084300.0,2026-09-04 14:45:00+07:00
1788508200,4430.0,4440.0,4420.0,4440.0,1533700.0,2026-09-04 14:50:00+07:00
1788508500,4440.0,4440.0,4430.0,4440.0,757100.0,2026-09-04 14:55:00+07:00
1788508800,4430.0,4440.0,4420.0,4430.0,1057400.0,2026-09-04 15:00:00+07:00
1788509100,4430.0,4430.0,4420.0,4420.0,316400.0,2026-09-04 15:05:00+07:00
1788509400,4430.0,4430.0,4420.0,4430.0,991500.0,2026-09-04 15:10:00+07:00
1788509700,4430.0,4430.0,4420.0,4420.0,730400.0,2026-09-04 15:15:00+07:00
1788510000,4420.0,4430.0,4420.0,4430.0,886800.0,2026-09-04 15:20:00+07:00
1788510300,4430.0,4430.0,4420.0,4430.0,629900.0,2026-09-04 15:25:00+07:00
1788510600,4420.0,4430.0,4420.0,4430.0,908300.0,2026-09-04 15:30:00+07:00
1788510900,4420.0,4430.0,4420.0,4430.0,1178800.0,2026-09-04 15:35:00+07:00
1788511200,4430.0,4430.0,4420.0,4420.0,4468800.0,2026-09-04 15:40:00+07:00
1788511500,4430.0,4440.0,4420.0,4420.0,3011000.0,2026-09-04 15:45:00+07:00
1788512400,4420.0,4420.0,4420.0,4420.0,10566300.0,2026-09-04 16:00:00+07:00
1788512700,4420.0,4420.0,4420.0,4420.0,108100.0,2026-09-04 16:05:00+07:00
1788513000,4420.0,4420.0,4420.0,4420.0,255100.0,2026-09-04 16:10:00+07:00
1788746400,4450.0,4450.0,4400.0,4400.0,0.0,2026-09-07 09:00:00+07:00
1788746700,4410.0,4410.0,4390.0,4410.0,3890200.0,2026-09-07 09:05:00+07:00
1788747000,4410.0,4410.0,4390.0,4400.0,5577300.0,2026-09-07 09:10:00+07:00
1788747300,4390.0,4400.0,4390.0,4400.0,2936200.0,2026-09-07 09:15:00+07:00
1788747600,4400.0,4400.0,4390.0,4400.0,1245700.0,2026-09-07 09:20:00+07:00
1788747900,4390.0,4410.0,4390.0,4410.0,782200.0,2026-09-07 09:25:00+07:00
1788748200,4410.0,4420.0,4400.0,4410.0,1587500.0,2026-09-07 09:30:00+07:00
1788748500,4410.0,4410.0,4390.0,4400.0,3179900.0,2026-09-07 09:35:00+07:00
1788748800,4400.0,4400.0,4380.0,4390.0,2934500.0,2026-09-07 09:40:00+07:00
1788749100,4400.0,4400.0,4370.0,4380.0,4448200.0,2026-09-07 09:45:00+07:00
1788749400,4370.0,4380.0,4370.0,4380.0,682500.0,2026-09-07 09:50:00+07:00
1788749700,4370.0,4380.0,4370.0,4380.0,1894500.0,2026-09-07 09:55:00+07:00
1788750000,4380.0,4380.0,4370.0,4380.0,1020000.0,2026-09-07 10:00:00+07:00
1788750300,4380.0,4390.0,4370.0,4390.0,823600.0,2026-09-07 10:05:00+07:00
1788750600,4380.0,4390.0,4370.0,4380.0,1855000.0,2026-09-07 10:10:00+07:00
1788750900,4380.0,4380.0,4370.0,4370.0,552800.0,2026-09-07 10:15:00+07:00
1788751200,4380.0,4380.0,4370.0,4380.0,676100.0,2026-09-07 10:20:00+07:00
1788751500,4380.0,4380.0,4370.0,4380.0,515800.0,2026-09-07 10:25:00+07:00
1788751800,4380.0,4380.0,4370.0,4380.0,423600.0,2026-09-07 10:30:00+07:00
1788752100,4380.0,4380.0,4370.0,4370.0,383000.0,2026-09-07 10:35:00+07:00
1788752400,4380.0,4380.0,4370.0,4370.0,2226200.0,2026-09-07 10:40:00+07:00
1788752700,4380.0,4380.0,4370.0,4380.0,725500.0,2026-09-07 10:45:00+07:00
1788753000,4380.0,4380.0,4370.0,4370.0,303000.0,2026-09-07 10:50:00+07:00
1788753300,4370.0,4380.0,4370.0,4370.0,1074800.0,2026-09-07 10:55:00+07:00
1788753600,4380.0,4390.0,4370.0,4380.0,2415200.0,2026-09-07 11:00:00+07:00
1788753900,4380.0,4390.0,4380.0,4390.0,173200.0,2026-09-07 11:05:00+07:00
1788754200,4390.0,4390.0,4380.0,4390.0,383700.0,2026-09-07 11:10:00+07:00
1788754500,4390.0,4390.0,4380.0,4390.0,173000.0,2026-09-07 11:15:00+07:00
1788754800,4380.0,4390.0,4380.0,4390.0,441900.0,2026-09-07 11:20:00+07:00
1788755100,4390.0,4390.0,4380.0,4390.0,213200.0,2026-09-07 11:25:00+07:00
1788755400,4390.0,4390.0,4380.0,4390.0,309100.0,2026-09-07 11:30:00+07:00
1788755700,4390.0,4390.0,4380.0,4390.0,759800.0,2026-09-07 11:35:00+07:00
1788756000,4390.0,4390.0,4380.0,4390.0,241700.0,2026-09-07 11:40:00+07:00
1788756300,4390.0,4390.0,4380.0,4390.0,385200.0,2026-09-07 11:45:00+07:00
1788756600,4380.0,4390.0,4380.0,4380.0,353600.0,2026-09-07 11:50:00+07:00
1788756900,4390.0,4390.0,4380.0,4380.0,492800.0,2026-09-07 11:55:00+07:00
1788762600,4380.0,4390.0,4370.0,4380.0,5095000.0,2026-09-07 13:30:00+07:00
1788762900,4380.0,4380.0,4370.0,4380.0,366700.0,2026-09-07 13:35:00+07:00
1788763200,4380.0,4380.0,4370.0,4380.0,1165400.0,2026-09-07 13:40:00+07:00
1788763500,4380.0,4380.0,4370.0,4380.0,868100.0,2026-09-07 13:45:00+07:00
1788763800,4380.0,4380.0,4370.0,4380.0,182000.0,2026-09-07 13:50:00+07:00
1788764100,4380.0,4380.0,4370.0,4380.0,364300.0,2026-09-07 13:55:00+07:00
1788764400,4380.0,4380.0,4370.0,4370.0,432200.0,2026-09-07 14:00:00+07:00
1788764700,4380.0,4380.0,4370.0,4380.0,424200.0,2026-09-07 14:05:00+07:00
1788765000,4380.0,4380.0,4370.0,4380.0,2161400.0,2026-09-07 14:10:00+07:00
1788765300,4380.0,4380.0,4370.0,4380.0,1079400.0,2026-09-07 14:15:00+07:00
1788765600,4380.0,4380.0,4370.0,4380.0,1334000.0,2026-09-07 14:20:00+07:00
1788765900,4380.0,4390.0,4370.0,4390.0,767100.0,2026-09-07 14:25:00+07:00
1788766200,4390.0,4390.0,4380.0,4390.0,2146100.0,2026-09-07 14:30:00+07:00
1788766500,4390.0,4390.0,4380.0,4390.0,240100.0,2026-09-07 14:35:00+07:00
1788766800,4390.0,4390.0,4380.0,4390.0,316900.0,2026-09-07 14:40:00+07:00
1788767100,4390.0,4400.0,4380.0,4400.0,1070700.0,2026-09-07 14:45:00+07:00
1788767400,4400.0,4400.0,4390.0,4400.0,304100.0,2026-09-07 14:50:00+07:00
1788767700,4390.0,4400.0,4390.0,4400.0,303000.0,2026-09-07 14:55:00+07:00
1788768000,4400.0,4400.0,4390.0,4400.0,876400.0,2026-09-07 15:00:00+07:00
1788768300,4400.0,4400.0,4390.0,4400.0,619100.0,2026-09-07 15:05:00+07:00
1788768600,4400.0,4400.0,4390.0,4400.0,669300.0,2026-09-07 15:10:00+07:00
1788768900,4400.0,4400.0,4390.0,4400.0,359200.0,2026-09-07 15:15:00+07:00
1788769200,4400.0,4400.0,4390.0,4400.0,359000.0,2026-09-07 15:20:00+07:00
1788769500,4400.0,4400.0,4380.0,4390.0,3900800.0,2026-09-07 15:25:00+07:00
1788769800,4390.0,4390.0,4380.0,4390.0,357700.0,2026-09-07 15:30:00+07:00
1788770100,4380.0,4390.0,4380.0,4390.0,531200.0,2026-09-07 15:35:00+07:00
1788770400,4390.0,4390.0,4380.0,4390.0,1607600.0,2026-09-07 15:40:00+07:00
1788770700,4390.0,4400.0,4380.0,4390.0,1855200.0,2026-09-07 15:45:00+07:00
1788771600,4390.0,4390.0,4390.0,4390.0,6256500.0,2026-09-07 16:00:00+07:00
1788771900,4390.0,4390.0,4390.0,4390.0,1699900.0,2026-09-07 16:05:00+07:00
1788772200,4390.0,4390.0,4390.0,4390.0,53000.0,2026-09-07 16:10:00+07:00
1788832800,4410.0,4420.0,4400.0,4410.0,0.0,2026-09-08 09:00:00+07:00
1788833100,4400.0,4410.0,4400.0,4410.0,1666800.0,2026-09-08 09:05:00+07:00
1788833400,4420.0,4420.0,4410.0,4420.0,937300.0,2026-09-08 09:10:00+07:00
1788833700,4420.0,4430.0,4410.0,4420.0,3032200.0,2026-09-08 09:15:00+07:00
1788834000,4420.0,4430.0,4410.0,4430.0,2023700.0,2026-09-08 09:20:00+07:00
1788834300,4430.0,4430.0,4420.0,4430.0,500600.0,2026-09-08 09:25:00+07:00
1788834600,4430.0,4430.0,4420.0,4430.0,686000.0,2026-09-08 09:30:00+07:00
1788834900,4430.0,4430.0,4420.0,4430.0,560000.0,2026-09-08 09:35:00+07:00
1788835200,4430.0,4430.0,4420.0,4420.0,1011300.0,2026-09-08 09:40:00+07:00
1788835500,4430.0,4430.0,4410.0,4410.0,2300300.0,2026-09-08 09:45:00+07:00
1788835800,4420.0,4420.0,4410.0,4420.0,589800.0,2026-09-08 09:50:00+07:00
1788836100,4420.0,4420.0,4410.0,4420.0,392900.0,2026-09-08 09:55:00+07:00
1788836400,4420.0,4420.0,4410.0,4420.0,882800.0,2026-09-08 10:00:00+07:00
1788836700,4420.0,4420.0,4390.0,4400.0,10249100.0,2026-09-08 10:05:00+07:00
1788837000,4400.0,4410.0,4400.0,4410.0,2707600.0,2026-09-08 10:10:00+07:00
1788837300,4410.0,4410.0,4400.0,4410.0,288100.0,2026-09-08 10:15:00+07:00
1788837600,4410.0,4410.0,4400.0,4410.0,177200.0,2026-09-08 10:20:00+07:00
1788837900,4400.0,4410.0,4400.0,4410.0,400800.0,2026-09-08 10:25:00+07:00
1788838200,4410.0,4410.0,4400.0,4410.0,961700.0,2026-09-08 10:30:00+07:00
1788838500,4410.0,4410.0,4400.0,4410.0,1514000.0,2026-09-08 10:35:00+07:00
1788838800,4400.0,4410.0,4390.0,4400.0,2073000.0,2026-09-08 10:40:00+07:00
1788839100,4400.0,4400.0,4390.0,4390.0,646400.0,2026-09-08 10:45:00+07:00
1788839400,4400.0,4400.0,4390.0,4400.0,748800.0,2026-09-08 10:50:00+07:00
1788839700,4400.0,4400.0,4390.0,4390.0,395400.0,2026-09-08 10:55:00+07:00
1788840000,4390.0,4410.0,4390.0,4400.0,4798300.0,2026-09-08 11:00:00+07:00
1788840300,4400.0,4410.0,4400.0,4400.0,348500.0,2026-09-08 11:05:00+07:00
1788840600,4410.0,4410.0,4400.0,4410.0,196300.0,2026-09-08 11:10:00+07:00
1788840900,4410.0,4410.0,4400.0,4410.0,300400.0,2026-09-08 11:15:00+07:00
1788841200,4410.0,4410.0,4400.0,4400.0,442300.0,2026-09-08 11:20:00+07:00
1788841500,4410.0,4410.0,4400.0,4410.0,369300.0,2026-09-08 11:25:00+07:00
1788841800,4400.0,4410.0,4400.0,4410.0,320500.0,2026-09-08 11:30:00+07:00
1788842100,4400.0,4410.0,4400.0,4400.0,1622100.0,2026-09-08 11:35:00+07:00
1788842400,4400.0,4410.0,4400.0,4400.0,364700.0,2026-09-08 11:40:00+07:00
1788842700,4410.0,4410.0,4390.0,4390.0,1210300.0,2026-09-08 11:45:00+07:00
1788843000,4400.0,4400.0,4390.0,4400.0,777700.0,2026-09-08 11:50:00+07:00
1788843300,4400.0,4410.0,4390.0,4400.0,1856200.0,2026-09-08 11:55:00+07:00
1788849000,4400.0,4410.0,4400.0,4410.0,1025000.0,2026-09-08 13:30:00+07:00
1788849300,4410.0,4410.0,4400.0,4400.0,271900.0,2026-09-08 13:35:00+07:00
1788849600,4400.0,4410.0,4400.0,4410.0,343600.0,2026-09-08 13:40:00+07:00
1788849900,4410.0,4410.0,4400.0,4400.0,712200.0,2026-09-08 13:45:00+07:00
1788850200,4410.0,4410.0,4400.0,4410.0,764200.0,2026-09-08 13:50:00+07:00
1788850500,4410.0,4410.0,4400.0,4410.0,456400.0,2026-09-08 13:55:00+07:00
1788850800,4400.0,4410.0,4400.0,4410.0,635800.0,2026-09-08 14:00:00+07:00
1788851100,4410.0,4430.0,4400.0,4420.0,5963300.0,2026-09-08 14:05:00+07:00
1788851400,4420.0,4430.0,4420.0,4430.0,1134200.0,2026-09-08 14:10:00+07:00
1788851700,4430.0,4430.0,4420.0,4430.0,603800.0,2026-09-08 14:15:00+07:00
1788852000,4420.0,4430.0,4420.0,4420.0,1602800.0,2026-09-08 14:20:00+07:00
1788852300,4430.0,4430.0,4420.0,4420.0,667800.0,2026-09-08 14:25:00+07:00
1788852600,4420.0,4430.0,4420.0,4430.0,1861900.0,2026-09-08 14:30:00+07:00
1788852900,4420.0,4430.0,4420.0,4420.0,350200.0,2026-09-08 14:35:00+07:00
1788853200,4430.0,4430.0,4420.0,4430.0,390200.0,2026-09-08 14:40:00+07:00
1788853500,4430.0,4430.0,4410.0,4410.0,1914800.0,2026-09-08 14:45:00+07:00
1788853800,4420.0,4430.0,4410.0,4430.0,1877400.0,2026-09-08 14:50:00+07:00
1788854100,4430.0,4430.0,4420.0,4430.0,465100.0,2026-09-08 14:55:00+07:00
1788854400,4430.0,4430.0,4420.0,4420.0,1058400.0,2026-09-08 15:00:00+07:00
1788854700,4430.0,4430.0,4410.0,4420.0,460400.0,2026-09-08 15:05:00+07:00
1788855000,4420.0,4420.0,4410.0,4410.0,850800.0,2026-09-08 15:10:00+07:00
1788855300,4420.0,4420.0,4410.0,4420.0,422200.0,2026-09-08 15:15:00+07:00
1788855600,4420.0,4420.0,4410.0,4420.0,277500.0,2026-09-08 15:20:00+07:00
1788855900,4420.0,4420.0,4410.0,4420.0,674100.0,2026-09-08 15:25:00+07:00
1788856200,4420.0,4420.0,4410.0,4420.0,1026100.0,2026-09-08 15:30:00+07:00
1788856500,4410.0,4420.0,4410.0,4420.0,727100.0,2026-09-08 15:35:00+07:00
1788856800,4420.0,4420.0,4410.0,4410.0,1773100.0,2026-09-08 15:40:00+07:00
1788857100,4420.0,4430.0,4410.0,4420.0,2137300.0,2026-09-08 15:45:00+07:00
1788858000,4430.0,4430.0,4430.0,4430.0,9774100.0,2026-09-08 16:00:00+07:00
1788858300,4430.0,4430.0,4430.0,4430.0,43600.0,2026-09-08 16:05:00+07:00
1788858600,4430.0,4430.0,4430.0,4430.0,57900.0,2026-09-08 16:10:00+07:00
1788919200,4430.0,4440.0,4400.0,4410.0,0.0,2026-09-09 09:00:00+07:00
1788919500,4410.0,4410.0,4390.0,4390.0,3937800.0,2026-09-09 09:05:00+07:00
1788919800,4390.0,4410.0,4390.0,4410.0,3263400.0,2026-09-09 09:10:00+07:00
1788920100,4410.0,4410.0,4400.0,4410.0,1762400.0,2026-09-09 09:15:00+07:00
1788920400,4410.0,4420.0,4400.0,4410.0,1971100.0,2026-09-09 09:20:00+07:00
1788920700,4410.0,4410.0,4400.0,4400.0,825400.0,2026-09-09 09:25:00+07:00
1788921000,4410.0,4410.0,4400.0,4400.0,653300.0,2026-09-09 09:30:00+07:00
1788921300,4400.0,4410.0,4400.0,4410.0,650900.0,2026-09-09 09:35:00+07:00
1788921600,4410.0,4410.0,4390.0,4390.0,4500700.0,2026-09-09 09:40:00+07:00
1788921900,4390.0,4400.0,4390.0,4390.0,1509000.0,2026-09-09 09:45:00+07:00
1788922200,4400.0,4400.0,4390.0,4390.0,687500.0,2026-09-09 09:50:00+07:00
1788922500,4400.0,4400.0,4380.0,4390.0,7827000.0,2026-09-09 09:55:00+07:00
1788922800,4390.0,4400.0,4380.0,4390.0,4909100.0,2026-09-09 10:00:00+07:00
1788923100,4400.0,4400.0,4390.0,4390.0,545900.0,2026-09-09 10:05:00+07:00
1788923400,4400.0,4400.0,4390.0,4390.0,1070800.0,2026-09-09 10:10:00+07:00
1788923700,4390.0,4400.0,4380.0,4390.0,913500.0,2026-09-09 10:15:00+07:00
1788924000,4380.0,4400.0,4380.0,4400.0,1271300.0,2026-09-09 10:20:00+07:00
1788924300,4400.0,4400.0,4390.0,4390.0,392400.0,2026-09-09 10:25:00+07:00
1788924600,4400.0,4400.0,4390.0,4400.0,293000.0,2026-09-09 10:30:00+07:00
1788924900,4400.0,4400.0,4390.0,4390.0,414700.0,2026-09-09 10:35:00+07:00
1788925200,4400.0,4400.0,4390.0,4400.0,784000.0,2026-09-09 10:40:00+07:00
1788925500,4390.0,4400.0,4390.0,4400.0,2432700.0,2026-09-09 10:45:00+07:00
1788925800,4400.0,4400.0,4390.0,4400.0,419400.0,2026-09-09 10:50:00+07:00
1788926100,4390.0,4400.0,4390.0,4400.0,387800.0,2026-09-09 10:55:00+07:00
1788926400,4390.0,4400.0,4390.0,4400.0,655400.0,2026-09-09 11:00:00+07:00
1788926700,4390.0,4400.0,4390.0,4400.0,323000.0,2026-09-09 11:05:00+07:00
1788927000,4390.0,4400.0,4390.0,4390.0,483700.0,2026-09-09 11:10:00+07:00
1788927300,4400.0,4400.0,4390.0,4390.0,390400.0,2026-09-09 11:15:00+07:00
1788927600,4390.0,4400.0,4390.0,4400.0,677600.0,2026-09-09 11:20:00+07:00
1788927900,4390.0,4400.0,4390.0,4390.0,254500.0,2026-09-09 11:25:00+07:00
1788928200,4400.0,4400.0,4390.0,4390.0,259300.0,2026-09-09 11:30:00+07:00
1788928500,4400.0,4400.0,4390.0,4390.0,768600.0,2026-09-09 11:35:00+07:00
1788928800,4390.0,4400.0,4390.0,4390.0,214700.0,2026-09-09 11:40:00+07:00
1788929100,4400.0,4400.0,4390.0,4390.0,586600.0,2026-09-09 11:45:00+07:00
1788929400,4400.0,4400.0,4390.0,4390.0,603500.0,2026-09-09 11:50:00+07:00
1788929700,4400.0,4400.0,4390.0,4390.0,387500.0,2026-09-09 11:55:00+07:00
1788935400,4400.0,4400.0,4390.0,4390.0,6602100.0,2026-09-09 13:30:00+07:00
1788935700,4400.0,4400.0,4380.0,4380.0,1261400.0,2026-09-09 13:35:00+07:00
1788936000,4390.0,4390.0,4380.0,4390.0,927400.0,2026-09-09 13:40:00+07:00
1788936300,4390.0,4390.0,4380.0,4390.0,861700.0,2026-09-09 13:45:00+07:00
1788936600,4390.0,4400.0,4380.0,4400.0,2735700.0,2026-09-09 13:50:00+07:00
1788936900,4400.0,4400.0,4390.0,4400.0,1306800.0,2026-09-09 13:55:00+07:00
1788937200,4400.0,4400.0,4390.0,4400.0,1595200.0,2026-09-09 14:00:00+07:00
1788937500,4390.0,4400.0,4390.0,4390.0,2018400.0,2026-09-09 14:05:00+07:00
1788937800,4400.0,4400.0,4380.0,4380.0,2119700.0,2026-09-09 14:10:00+07:00
1788938100,4390.0,4400.0,4380.0,4390.0,1840800.0,2026-09-09 14:15:00+07:00
1788938400,4390.0,4400.0,4380.0,4390.0,773300.0,2026-09-09 14:20:00+07:00
1788938700,4390.0,4390.0,4380.0,4390.0,803300.0,2026-09-09 14:25:00+07:00
1788939000,4380.0,4390.0,4380.0,4390.0,710400.0,2026-09-09 14:30:00+07:00
1788939300,4390.0,4390.0,4380.0,4380.0,337100.0,2026-09-09 14:35:00+07:00
1788939600,4390.0,4390.0,4380.0,4390.0,490000.0,2026-09-09 14:40:00+07:00
1788939900,4390.0,4390.0,4380.0,4390.0,557400.0,2026-09-09 14:45:00+07:00
1788940200,4390.0,4390.0,4380.0,4390.0,1136200.0,2026-09-09 14:50:00+07:00
1788940500,4390.0,4390.0,4380.0,4380.0,835400.0,2026-09-09 14:55:00+07:00
1788940800,4390.0,4390.0,4380.0,4390.0,1700500.0,2026-09-09 15:00:00+07:00
1788941100,4390.0,4390.0,4380.0,4380.0,1819200.0,2026-09-09 15:05:00+07:00
1788941400,4390.0,4390.0,4380.0,4390.0,1022400.0,2026-09-09 15:10:00+07:00
1788941700,4390.0,4390.0,4380.0,4380.0,1117200.0,2026-09-09 15:15:00+07:00
1788942000,4380.0,4390.0,4380.0,4380.0,1208600.0,2026-09-09 15:20:00+07:00
1788942300,4390.0,4390.0,4380.0,4380.0,6538700.0,2026-09-09 15:25:00+07:00
1788942600,4390.0,4390.0,4380.0,4380.0,1392800.0,2026-09-09 15:30:00+07:00
1788942900,4390.0,4390.0,4380.0,4380.0,2192800.0,2026-09-09 15:35:00+07:00
1788943200,4390.0,4390.0,4370.0,4380.0,8200200.0,2026-09-09 15:40:00+07:00
1788943500,4380.0,4380.0,4370.0,4380.0,4065800.0,2026-09-09 15:45:00+07:00
1788944400,4390.0,4390.0,4390.0,4390.0,14817900.0,2026-09-09 16:00:00+07:00
1788944700,4390.0,4390.0,4390.0,4390.0,318000.0,2026-09-09 16:05:00+07:00
1788945000,4390.0,4390.0,4390.0,4390.0,176000.0,2026-09-09 16:10:00+07:00
1789005600,4400.0,4410.0,4390.0,4400.0,0.0,2026-09-10 09:00:00+07:00
1789005900,4400.0,4400.0,4390.0,4390.0,861000.0,2026-09-10 09:05:00+07:00
1789006200,4400.0,4400.0,4390.0,4400.0,1709500.0,2026-09-10 09:10:00+07:00
1789006500,4390.0,4400.0,4390.0,4390.0,2341200.0,2026-09-10 09:15:00+07:00
1789006800,4400.0,4400.0,4390.0,4390.0,1311600.0,2026-09-10 09:20:00+07:00
1789007100,4390.0,4400.0,4380.0,4380.0,7395400.0,2026-09-10 09:25:00+07:00
1789007400,4390.0,4390.0,4370.0,4370.0,3673900.0,2026-09-10 09:30:00+07:00
1789007700,4370.0,4380.0,4370.0,4370.0,1592300.0,2026-09-10 09:35:00+07:00
1789008000,4370.0,4380.0,4370.0,4370.0,1732900.0,2026-09-10 09:40:00+07:00
1789008300,4380.0,4380.0,4370.0,4370.0,1041100.0,2026-09-10 09:45:00+07:00
1789008600,4370.0,4380.0,4370.0,4370.0,826900.0,2026-09-10 09:50:00+07:00
1789008900,4380.0,4380.0,4370.0,4370.0,2442700.0,2026-09-10 09:55:00+07:00
1789009200,4370.0,4380.0,4370.0,4370.0,2094800.0,2026-09-10 10:00:00+07:00
1789009500,4380.0,4380.0,4370.0,4370.0,2083200.0,2026-09-10 10:05:00+07:00
1789009800,4380.0,4380.0,4360.0,4360.0,4978000.0,2026-09-10 10:10:00+07:00
1789010100,4360.0,4370.0,4360.0,4370.0,411500.0,2026-09-10 10:15:00+07:00
1789010400,4370.0,4370.0,4360.0,4370.0,4863700.0,2026-09-10 10:20:00+07:00
1789010700,4370.0,4380.0,4360.0,4380.0,1846800.0,2026-09-10 10:25:00+07:00
1789011000,4380.0,4380.0,4370.0,4380.0,517600.0,2026-09-10 10:30:00+07:00
1789011300,4380.0,4380.0,4370.0,4380.0,496300.0,2026-09-10 10:35:00+07:00
1789011600,4380.0,4390.0,4370.0,4380.0,1787600.0,2026-09-10 10:40:00+07:00
1789011900,4390.0,4390.0,4370.0,4390.0,1564000.0,2026-09-10 10:45:00+07:00
1789012200,4390.0,4390.0,4370.0,4380.0,619000.0,2026-09-10 10:50:00+07:00
1789012500,4380.0,4380.0,4370.0,4370.0,379200.0,2026-09-10 10:55:00+07:00
1789012800,4370.0,4380.0,4370.0,4370.0,997800.0,2026-09-10 11:00:00+07:00
1789013100,4370.0,4380.0,4370.0,4370.0,338900.0,2026-09-10 11:05:00+07:00
1789013400,4370.0,4380.0,4370.0,4380.0,863500.0,2026-09-10 11:10:00+07:00
1789013700,4370.0,4380.0,4370.0,4380.0,1243800.0,2026-09-10 11:15:00+07:00
1789014000,4380.0,4380.0,4360.0,4360.0,2929500.0,2026-09-10 11:20:00+07:00
1789014300,4370.0,4370.0,4360.0,4370.0,470400.0,2026-09-10 11:25:00+07:00
1789014600,4370.0,4370.0,4360.0,4360.0,487000.0,2026-09-10 11:30:00+07:00
1789014900,4370.0,4380.0,4360.0,4370.0,1949400.0,2026-09-10 11:35:00+07:00
1789015200,4370.0,4380.0,4370.0,4370.0,260000.0,2026-09-10 11:40:00+07:00
1789015500,4370.0,4380.0,4370.0,4370.0,348700.0,2026-09-10 11:45:00+07:00
1789015800,4370.0,4380.0,4370.0,4370.0,381800.0,2026-09-10 11:50:00+07:00
1789016100,4370.0,4380.0,4370.0,4370.0,558700.0,2026-09-10 11:55:00+07:00
1789021800,4370.0,4380.0,4370.0,4370.0,2247700.0,2026-09-10 13:30:00+07:00
1789022100,4380.0,4380.0,4370.0,4370.0,327400.0,2026-09-10 13:35:00+07:00
1789022400,4380.0,4380.0,4370.0,4370.0,533900.0,2026-09-10 13:40:00+07:00
1789022700,4370.0,4380.0,4370.0,4370.0,843300.0,2026-09-10 13:45:00+07:00
1789023000,4370.0,4380.0,4360.0,4360.0,3409600.0,2026-09-10 13:50:00+07:00
1789023300,4370.0,4370.0,4360.0,4360.0,681800.0,2026-09-10 13:55:00+07:00
1789023600,4360.0,4370.0,4360.0,4370.0,611700.0,2026-09-10 14:00:00+07:00
1789023900,4370.0,4370.0,4360.0,4360.0,747000.0,2026-09-10 14:05:00+07:00
1789024200,4360.0,4370.0,4360.0,4360.0,1203400.0,2026-09-10 14:10:00+07:00
1789024500,4360.0,4370.0,4360.0,4370.0,1827900.0,2026-09-10 14:15:00+07:00
1789024800,4370.0,4370.0,4360.0,4370.0,5291300.0,2026-09-10 14:20:00+07:00
1789025100,4360.0,4370.0,4350.0,4350.0,4513800.0,2026-09-10 14:25:00+07:00
1789025400,4360.0,4360.0,4350.0,4350.0,1598000.0,2026-09-10 14:30:00+07:00
1789025700,4350.0,4360.0,4350.0,4360.0,3914400.0,2026-09-10 14:35:00+07:00
1789026000,4350.0,4360.0,4350.0,4360.0,1248700.0,2026-09-10 14:40:00+07:00
1789026300,4350.0,4360.0,4350.0,4350.0,466100.0,2026-09-10 14:45:00+07:00
1789026600,4360.0,4360.0,4350.0,4350.0,1122300.0,2026-09-10 14:50:00+07:00
1789026900,4350.0,4360.0,4350.0,4350.0,967700.0,2026-09-10 14:55:00+07:00
1789027200,4350.0,4360.0,4350.0,4350.0,1240100.0,2026-09-10 15:00:00+07:00
1789027500,4360.0,4360.0,4350.0,4360.0,1515500.0,2026-09-10 15:05:00+07:00
1789027800,4360.0,4360.0,4350.0,4350.0,1154600.0,2026-09-10 15:10:00+07:00
1789028100,4360.0,4360.0,4350.0,4360.0,1293900.0,2026-09-10 15:15:00+07:00
1789028400,4350.0,4360.0,4350.0,4360.0,1241700.0,2026-09-10 15:20:00+07:00
1789028700,4350.0,4360.0,4350.0,4360.0,1747900.0,2026-09-10 15:25:00+07:00
1789029000,4360.0,4360.0,4350.0,4350.0,1757100.0,2026-09-10 15:30:00+07:00
1789029300,4350.0,4360.0,4350.0,4350.0,4597500.0,2026-09-10 15:35:00+07:00
1789029600,4350.0,4360.0,4340.0,4350.0,7960400.0,2026-09-10 15:40:00+07:00
1789029900,4340.0,4360.0,4340.0,4350.0,5075300.0,2026-09-10 15:45:00+07:00
1789030800,4370.0,4370.0,4370.0,4370.0,13567600.0,2026-09-10 16:00:00+07:00
1789031100,4370.0,4370.0,4370.0,4370.0,94000.0,2026-09-10 16:05:00+07:00
1789031400,4370.0,4370.0,4370.0,4370.0,19400.0,2026-09-10 16:10:00+07:00
1789092000,4330.0,4350.0,4310.0,4330.0,0.0,2026-09-11 09:00:00+07:00
1789092300,4340.0,4340.0,4320.0,4320.0,2932600.0,2026-09-11 09:05:00+07:00
1789092600,4320.0,4330.0,4300.0,4310.0,9944700.0,2026-09-11 09:10:00+07:00
1789092900,4300.0,4310.0,4300.0,4310.0,4431900.0,2026-09-11 09:15:00+07:00
1789093200,4310.0,4310.0,4300.0,4310.0,3353800.0,2026-09-11 09:20:00+07:00
1789093500,4310.0,4330.0,4300.0,4320.0,2935600.0,2026-09-11 09:25:00+07:00
1789093800,4320.0,4330.0,4310.0,4320.0,2150500.0,2026-09-11 09:30:00+07:00
1789094100,4310.0,4320.0,4310.0,4320.0,1006200.0,2026-09-11 09:35:00+07:00
1789094400,4310.0,4320.0,4310.0,4310.0,854100.0,2026-09-11 09:40:00+07:00
1789094700,4310.0,4330.0,4310.0,4320.0,4662500.0,2026-09-11 09:45:00+07:00
1789095000,4320.0,4330.0,4320.0,4330.0,649000.0,2026-09-11 09:50:00+07:00
1789095300,4330.0,4330.0,4320.0,4330.0,585400.0,2026-09-11 09:55:00+07:00
1789095600,4320.0,4330.0,4320.0,4330.0,565700.0,2026-09-11 10:00:00+07:00
1789095900,4320.0,4340.0,4320.0,4340.0,2340800.0,2026-09-11 10:05:00+07:00
1789096200,4330.0,4340.0,4330.0,4340.0,618200.0,2026-09-11 10:10:00+07:00
1789096500,4330.0,4340.0,4320.0,4320.0,1937100.0,2026-09-11 10:15:00+07:00
1789096800,4320.0,4330.0,4320.0,4320.0,283400.0,2026-09-11 10:20:00+07:00
1789097100,4320.0,4330.0,4320.0,4330.0,261200.0,2026-09-11 10:25:00+07:00
1789097400,4320.0,4330.0,4320.0,4330.0,802300.0,2026-09-11 10:30:00+07:00
1789097700,4320.0,4330.0,4320.0,4320.0,621300.0,2026-09-11 10:35:00+07:00
1789098000,4320.0,4330.0,4320.0,4320.0,1007200.0,2026-09-11 10:40:00+07:00
1789098300,4330.0,4330.0,4320.0,4320.0,781700.0,2026-09-11 10:45:00+07:00
1789098600,4320.0,4330.0,4320.0,4320.0,440500.0,2026-09-11 10:50:00+07:00
1789098900,4330.0,4330.0,4310.0,4320.0,1739400.0,2026-09-11 10:55:00+07:00
1789099200,4320.0,4330.0,4320.0,4330.0,828000.0,2026-09-11 11:00:00+07:00
1789099500,4320.0,4330.0,4320.0,4320.0,277500.0,2026-09-11 11:05:00+07:00
1789099800,4320.0,4330.0,4320.0,4330.0,379000.0,2026-09-11 11:10:00+07:00
1789100100,4320.0,4330.0,4320.0,4320.0,423100.0,2026-09-11 11:15:00+07:00
1789100400,4320.0,4330.0,4320.0,4320.0,637200.0,2026-09-11 11:20:00+07:00
1789100700,4320.0,4330.0,4320.0,4320.0,811900.0,2026-09-11 11:25:00+07:00
1789110000,4320.0,4330.0,4310.0,4320.0,5808700.0,2026-09-11 14:00:00+07:00
1789110300,4310.0,4330.0,4310.0,4320.0,2204200.0,2026-09-11 14:05:00+07:00
1789110600,4320.0,4330.0,4320.0,4320.0,292700.0,2026-09-11 14:10:00+07:00
1789110900,4320.0,4330.0,4320.0,4330.0,714700.0,2026-09-11 14:15:00+07:00
1789111200,4320.0,4330.0,4320.0,4330.0,716600.0,2026-09-11 14:20:00+07:00
1789111500,4320.0,4340.0,4320.0,4330.0,2436700.0,2026-09-11 14:25:00+07:00
1789111800,4330.0,4340.0,4330.0,4340.0,370800.0,2026-09-11 14:30:00+07:00
1789112100,4340.0,4340.0,4330.0,4340.0,711200.0,2026-09-11 14:35:00+07:00
1789112400,4330.0,4340.0,4320.0,4330.0,2178500.0,2026-09-11 14:40:00+07:00
1789112700,4330.0,4330.0,4320.0,4330.0,415800.0,2026-09-11 14:45:00+07:00
1789113000,4320.0,4330.0,4320.0,4330.0,838900.0,2026-09-11 14:50:00+07:00
1789113300,4320.0,4330.0,4320.0,4330.0,1276000.0,2026-09-11 14:55:00+07:00
1789113600,4330.0,4330.0,4320.0,4330.0,630200.0,2026-09-11 15:00:00+07:00
1789113900,4320.0,4330.0,4320.0,4330.0,563500.0,2026-09-11 15:05:00+07:00
1789114200,4330.0,4330.0,4320.0,4330.0,1146800.0,2026-09-11 15:10:00+07:00
1789114500,4320.0,4330.0,4320.0,4330.0,2003900.0,2026-09-11 15:15:00+07:00
1789114800,4320.0,4330.0,4310.0,4320.0,4819300.0,2026-09-11 15:20:00+07:00
1789115100,4310.0,4330.0,4310.0,4320.0,6037600.0,2026-09-11 15:25:00+07:00
1789115400,4310.0,4330.0,4310.0,4330.0,2404700.0,2026-09-11 15:30:00+07:00
1789115700,4330.0,4330.0,4320.0,4330.0,2244400.0,2026-09-11 15:35:00+07:00
1789116000,4320.0,4330.0,4320.0,4320.0,1716400.0,2026-09-11 15:40:00+07:00
1789116300,4320.0,4350.0,4320.0,4350.0,6321600.0,2026-09-11 15:45:00+07:00
1789117200,4360.0,4360.0,4360.0,4360.0,18610300.0,2026-09-11 16:00:00+07:00
1789117500,4360.0,4360.0,4360.0,4360.0,56600.0,2026-09-11 16:05:00+07:00
1789117800,4360.0,4360.0,4360.0,4360.0,128600.0,2026-09-11 16:10:00+07:00
1789351200,4350.0,4370.0,4340.0,4370.0,0.0,2026-09-14 09:00:00+07:00
1789351500,4370.0,4370.0,4360.0,4370.0,1102700.0,2026-09-14 09:05:00+07:00
1789351800,4360.0,4370.0,4340.0,4340.0,5322600.0,2026-09-14 09:10:00+07:00
1789352100,4350.0,4350.0,4330.0,4330.0,2544100.0,2026-09-14 09:15:00+07:00
1789352400,4330.0,4340.0,4320.0,4320.0,2589600.0,2026-09-14 09:20:00+07:00
1789352700,4320.0,4330.0,4320.0,4330.0,2200100.0,2026-09-14 09:25:00+07:00
1789353000,4330.0,4340.0,4320.0,4330.0,938200.0,2026-09-14 09:30:00+07:00
1789353300,4340.0,4340.0,4330.0,4340.0,1684600.0,2026-09-14 09:35:00+07:00
1789353600,4340.0,4340.0,4320.0,4320.0,735400.0,2026-09-14 09:40:00+07:00
1789353900,4330.0,4330.0,4320.0,4330.0,674600.0,2026-09-14 09:45:00+07:00
1789354200,4330.0,4330.0,4320.0,4330.0,1133700.0,2026-09-14 09:50:00+07:00
1789354500,4330.0,4330.0,4310.0,4320.0,5859400.0,2026-09-14 09:55:00+07:00
1789354800,4310.0,4320.0,4310.0,4320.0,812700.0,2026-09-14 10:00:00+07:00
1789355100,4310.0,4320.0,4310.0,4320.0,848100.0,2026-09-14 10:05:00+07:00
1789355400,4320.0,4320.0,4310.0,4310.0,529300.0,2026-09-14 10:10:00+07:00
1789355700,4320.0,4320.0,4310.0,4310.0,940100.0,2026-09-14 10:15:00+07:00
1789356000,4310.0,4320.0,4310.0,4310.0,462200.0,2026-09-14 10:20:00+07:00
1789356300,4320.0,4320.0,4310.0,4320.0,419700.0,2026-09-14 10:25:00+07:00
1789356600,4320.0,4320.0,4310.0,4310.0,934800.0,2026-09-14 10:30:00+07:00
1789356900,4320.0,4320.0,4310.0,4310.0,1043600.0,2026-09-14 10:35:00+07:00
1789357200,4310.0,4320.0,4310.0,4320.0,4540500.0,2026-09-14 10:40:00+07:00
1789357500,4310.0,4320.0,4300.0,4310.0,2822000.0,2026-09-14 10:45:00+07:00
1789357800,4310.0,4310.0,4300.0,4310.0,769000.0,2026-09-14 10:50:00+07:00
1789358100,4310.0,4310.0,4300.0,4310.0,544800.0,2026-09-14 10:55:00+07:00
1789358400,4310.0,4310.0,4300.0,4310.0,922000.0,2026-09-14 11:00:00+07:00
1789358700,4300.0,4310.0,4300.0,4300.0,438300.0,2026-09-14 11:05:00+07:00
1789359000,4310.0,4310.0,4300.0,4300.0,984300.0,2026-09-14 11:10:00+07:00
1789359300,4310.0,4310.0,4300.0,4300.0,708600.0,2026-09-14 11:15:00+07:00
1789359600,4300.0,4310.0,4280.0,4280.0,13234000.0,2026-09-14 11:20:00+07:00
1789359900,4280.0,4290.0,4280.0,4290.0,1067900.0,2026-09-14 11:25:00+07:00
1789360200,4290.0,4290.0,4280.0,4290.0,465900.0,2026-09-14 11:30:00+07:00
1789360500,4290.0,4290.0,4280.0,4290.0,339200.0,2026-09-14 11:35:00+07:00
1789360800,4280.0,4290.0,4280.0,4280.0,524300.0,2026-09-14 11:40:00+07:00
1789361100,4290.0,4290.0,4280.0,4290.0,964600.0,2026-09-14 11:45:00+07:00
1789361400,4290.0,4290.0,4280.0,4290.0,655200.0,2026-09-14 11:50:00+07:00
1789361700,4290.0,4290.0,4280.0,4290.0,862000.0,2026-09-14 11:55:00+07:00
1789367400,4280.0,4290.0,4280.0,4280.0,5958600.0,2026-09-14 13:30:00+07:00
1789367700,4280.0,4290.0,4270.0,4280.0,4366100.0,2026-09-14 13:35:00+07:00
1789368000,4270.0,4280.0,4270.0,4270.0,341700.0,2026-09-14 13:40:00+07:00
1789368300,4280.0,4280.0,4270.0,4280.0,1744900.0,2026-09-14 13:45:00+07:00
1789368600,4280.0,4280.0,4270.0,4270.0,1085200.0,2026-09-14 13:50:00+07:00
1789368900,4270.0,4280.0,4270.0,4270.0,889200.0,2026-09-14 13:55:00+07:00
1789369200,4280.0,4280.0,4270.0,4280.0,479800.0,2026-09-14 14:00:00+07:00
1789369500,4280.0,4280.0,4270.0,4270.0,538300.0,2026-09-14 14:05:00+07:00
1789369800,4280.0,4280.0,4270.0,4280.0,832400.0,2026-09-14 14:10:00+07:00
1789370100,4270.0,4280.0,4270.0,4270.0,1906500.0,2026-09-14 14:15:00+07:00
1789370400,4280.0,4280.0,4270.0,4270.0,1226600.0,2026-09-14 14:20:00+07:00
1789370700,4280.0,4280.0,4260.0,4270.0,5092900.0,2026-09-14 14:25:00+07:00
1789371000,4270.0,4270.0,4260.0,4260.0,302500.0,2026-09-14 14:30:00+07:00
1789371300,4260.0,4280.0,4260.0,4280.0,4444400.0,2026-09-14 14:35:00+07:00
1789371600,4270.0,4280.0,4270.0,4270.0,567200.0,2026-09-14 14:40:00+07:00
1789371900,4280.0,4280.0,4260.0,4270.0,2035800.0,2026-09-14 14:45:00+07:00
1789372200,4260.0,4270.0,4260.0,4270.0,704300.0,2026-09-14 14:50:00+07:00
1789372500,4260.0,4270.0,4260.0,4260.0,1506000.0,2026-09-14 14:55:00+07:00
1789372800,4270.0,4270.0,4260.0,4260.0,865600.0,2026-09-14 15:00:00+07:00
1789373100,4270.0,4290.0,4260.0,4290.0,8983200.0,2026-09-14 15:05:00+07:00
1789373400,4290.0,4340.0,4290.0,4340.0,11489100.0,2026-09-14 15:10:00+07:00
1789373700,4350.0,4390.0,4340.0,4380.0,11894300.0,2026-09-14 15:15:00+07:00
1789374000,4380.0,4430.0,4380.0,4420.0,17043900.0,2026-09-14 15:20:00+07:00
1789374300,4420.0,4420.0,4380.0,4380.0,8627900.0,2026-09-14 15:25:00+07:00
1789374600,4380.0,4400.0,4360.0,4380.0,6387100.0,2026-09-14 15:30:00+07:00
1789374900,4380.0,4420.0,4360.0,4410.0,8538700.0,2026-09-14 15:35:00+07:00
1789375200,4420.0,4440.0,4410.0,4410.0,13398800.0,2026-09-14 15:40:00+07:00
1789375500,4420.0,4460.0,4410.0,4450.0,13242800.0,2026-09-14 15:45:00+07:00
1789376400,4440.0,4440.0,4440.0,4440.0,23355100.0,2026-09-14 16:00:00+07:00
1789376700,4440.0,4440.0,4440.0,4440.0,1169400.0,2026-09-14 16:05:00+07:00
1789377000,4440.0,4440.0,4440.0,4440.0,2627600.0,2026-09-14 16:10:00+07:00
1789437600,4450.0,4450.0,4350.0,4360.0,0.0,2026-09-15 09:00:00+07:00
1789437900,4360.0,4360.0,4330.0,4340.0,9966200.0,2026-09-15 09:05:00+07:00
1789438200,4340.0,4360.0,4340.0,4360.0,2771800.0,2026-09-15 09:10:00+07:00
1789438500,4350.0,4370.0,4350.0,4370.0,2510400.0,2026-09-15 09:15:00+07:00
1789438800,4370.0,4380.0,4370.0,4380.0,1678300.0,2026-09-15 09:20:00+07:00
1789439100,4380.0,4390.0,4360.0,4360.0,4082600.0,2026-09-15 09:25:00+07:00
1789439400,4370.0,4370.0,4340.0,4350.0,4785500.0,2026-09-15 09:30:00+07:00
1789439700,4350.0,4350.0,4340.0,4350.0,2000300.0,2026-09-15 09:35:00+07:00
1789440000,4340.0,4350.0,4340.0,4350.0,1436900.0,2026-09-15 09:40:00+07:00
1789440300,4350.0,4350.0,4340.0,4350.0,792900.0,2026-09-15 09:45:00+07:00
1789440600,4350.0,4360.0,4340.0,4360.0,3425500.0,2026-09-15 09:50:00+07:00
1789440900,4360.0,4370.0,4350.0,4360.0,1691200.0,2026-09-15 09:55:00+07:00
1789441200,4360.0,4360.0,4350.0,4360.0,183100.0,2026-09-15 10:00:00+07:00
1789441500,4360.0,4360.0,4350.0,4360.0,686300.0,2026-09-15 10:05:00+07:00
1789441800,4350.0,4360.0,4350.0,4350.0,449900.0,2026-09-15 10:10:00+07:00
1789442100,4360.0,4360.0,4350.0,4350.0,714000.0,2026-09-15 10:15:00+07:00
1789442400,4360.0,4360.0,4350.0,4360.0,247200.0,2026-09-15 10:20:00+07:00
1789442700,4360.0,4360.0,4350.0,4350.0,423200.0,2026-09-15 10:25:00+07:00
1789443000,4360.0,4360.0,4350.0,4350.0,414800.0,2026-09-15 10:30:00+07:00
1789443300,4360.0,4360.0,4340.0,4350.0,6539500.0,2026-09-15 10:35:00+07:00
1789443600,4350.0,4350.0,4340.0,4350.0,637500.0,2026-09-15 10:40:00+07:00
1789443900,4350.0,4350.0,4340.0,4350.0,368500.0,2026-09-15 10:45:00+07:00
1789444200,4350.0,4350.0,4340.0,4350.0,302200.0,2026-09-15 10:50:00+07:00
1789444500,4350.0,4350.0,4340.0,4350.0,315500.0,2026-09-15 10:55:00+07:00
1789444800,4340.0,4350.0,4340.0,4340.0,504000.0,2026-09-15 11:00:00+07:00
1789445100,4350.0,4350.0,4340.0,4350.0,881700.0,2026-09-15 11:05:00+07:00
1789445400,4350.0,4350.0,4340.0,4350.0,395300.0,2026-09-15 11:10:00+07:00
1789445700,4350.0,4350.0,4340.0,4350.0,1028800.0,2026-09-15 11:15:00+07:00
1789446000,4350.0,4360.0,4340.0,4350.0,3052100.0,2026-09-15 11:20:00+07:00
1789446300,4360.0,4360.0,4350.0,4350.0,457800.0,2026-09-15 11:25:00+07:00
1789446600,4360.0,4360.0,4350.0,4350.0,245800.0,2026-09-15 11:30:00+07:00
1789446900,4350.0,4360.0,4350.0,4350.0,363400.0,2026-09-15 11:35:00+07:00
1789447200,4350.0,4360.0,4350.0,4350.0,428100.0,2026-09-15 11:40:00+07:00
1789447500,4360.0,4360.0,4350.0,4360.0,808400.0,2026-09-15 11:45:00+07:00
1789447800,4350.0,4370.0,4350.0,4360.0,2364000.0,2026-09-15 11:50:00+07:00
1789448100,4360.0,4360.0,4350.0,4350.0,595300.0,2026-09-15 11:55:00+07:00
1789453800,4350.0,4360.0,4350.0,4350.0,1422200.0,2026-09-15 13:30:00+07:00
1789454100,4360.0,4360.0,4340.0,4350.0,3602300.0,2026-09-15 13:35:00+07:00
1789454400,4350.0,4350.0,4340.0,4340.0,712600.0,2026-09-15 13:40:00+07:00
1789454700,4350.0,4350.0,4340.0,4350.0,507500.0,2026-09-15 13:45:00+07:00
1789455000,4350.0,4350.0,4340.0,4340.0,1814800.0,2026-09-15 13:50:00+07:00
1789455300,4350.0,4350.0,4340.0,4350.0,482100.0,2026-09-15 13:55:00+07:00
1789455600,4350.0,4350.0,4340.0,4340.0,663000.0,2026-09-15 14:00:00+07:00
1789455900,4350.0,4350.0,4340.0,4350.0,656200.0,2026-09-15 14:05:00+07:00
1789456200,4350.0,4350.0,4340.0,4350.0,743300.0,2026-09-15 14:10:00+07:00
1789456500,4350.0,4350.0,4340.0,4340.0,1158900.0,2026-09-15 14:15:00+07:00
1789456800,4350.0,4350.0,4340.0,4340.0,861600.0,2026-09-15 14:20:00+07:00
1789457100,4350.0,4350.0,4340.0,4350.0,1129600.0,2026-09-15 14:25:00+07:00
1789457400,4350.0,4350.0,4340.0,4350.0,578700.0,2026-09-15 14:30:00+07:00
1789457700,4340.0,4350.0,4340.0,4350.0,865300.0,2026-09-15 14:35:00+07:00
1789458000,4350.0,4350.0,4340.0,4350.0,871000.0,2026-09-15 14:40:00+07:00
1789458300,4350.0,4350.0,4340.0,4350.0,708500.0,2026-09-15 14:45:00+07:00
1789458600,4350.0,4350.0,4340.0,4350.0,1079100.0,2026-09-15 14:50:00+07:00
1789458900,4350.0,4350.0,4340.0,4350.0,1436400.0,2026-09-15 14:55:00+07:00
1789459200,4350.0,4350.0,4340.0,4350.0,1849200.0,2026-09-15 15:00:00+07:00
1789459500,4350.0,4350.0,4340.0,4350.0,774600.0,2026-09-15 15:05:00+07:00
1789459800,4350.0,4350.0,4340.0,4350.0,1094800.0,2026-09-15 15:10:00+07:00
1789460100,4350.0,4350.0,4340.0,4350.0,1314800.0,2026-09-15 15:15:00+07:00
1789460400,4350.0,4350.0,4340.0,4350.0,2598600.0,2026-09-15 15:20:00+07:00
1789460700,4350.0,4360.0,4340.0,4350.0,2274800.0,2026-09-15 15:25:00+07:00
1789461000,4350.0,4360.0,4340.0,4360.0,2034200.0,2026-09-15 15:30:00+07:00
1789461300,4360.0,4360.0,4350.0,4360.0,950500.0,2026-09-15 15:35:00+07:00
1789461600,4360.0,4360.0,4350.0,4360.0,3198300.0,2026-09-15 15:40:00+07:00
1789461900,4350.0,4370.0,4350.0,4360.0,4591600.0,2026-09-15 15:45:00+07:00
1789462200,4370.0,4370.0,4370.0,4370.0,9000.0,2026-09-15 15:50:00+07:00
1789462800,4340.0,4340.0,4340.0,4340.0,15225900.0,2026-09-15 16:00:00+07:00
1789463100,4340.0,4340.0,4340.0,4340.0,243800.0,2026-09-15 16:05:00+07:00
1789463400,4340.0,4340.0,4340.0,4340.0,38400.0,2026-09-15 16:10:00+07:00
1789524000,4300.0,4310.0,4280.0,4300.0,0.0,2026-09-16 09:00:00+07:00
1789524300,4310.0,4320.0,4300.0,4310.0,4617500.0,2026-09-16 09:05:00+07:00
1789524600,4320.0,4320.0,4300.0,4310.0,5954800.0,2026-09-16 09:10:00+07:00
1789524900,4310.0,4310.0,4300.0,4300.0,2074300.0,2026-09-16 09:15:00+07:00
1789525200,4310.0,4310.0,4300.0,4310.0,1911200.0,2026-09-16 09:20:00+07:00
1789525500,4310.0,4320.0,4300.0,4320.0,5268900.0,2026-09-16 09:25:00+07:00
1789525800,4320.0,4320.0,4310.0,4310.0,473400.0,2026-09-16 09:30:00+07:00
1789526100,4320.0,4320.0,4310.0,4310.0,1024000.0,2026-09-16 09:35:00+07:00
1789526400,4310.0,4320.0,4310.0,4320.0,1714000.0,2026-09-16 09:40:00+07:00
1789526700,4310.0,4320.0,4310.0,4320.0,3874000.0,2026-09-16 09:45:00+07:00
1789527000,4310.0,4310.0,4300.0,4310.0,785000.0,2026-09-16 09:50:00+07:00
1789527300,4310.0,4310.0,4300.0,4310.0,3865900.0,2026-09-16 09:55:00+07:00
1789527600,4310.0,4310.0,4300.0,4310.0,582700.0,2026-09-16 10:00:00+07:00
1789527900,4310.0,4310.0,4300.0,4300.0,377000.0,2026-09-16 10:05:00+07:00
1789528200,4310.0,4310.0,4300.0,4300.0,766400.0,2026-09-16 10:10:00+07:00
1789528500,4310.0,4310.0,4300.0,4310.0,747000.0,2026-09-16 10:15:00+07:00
1789528800,4300.0,4310.0,4300.0,4300.0,526800.0,2026-09-16 10:20:00+07:00
1789529100,4300.0,4310.0,4300.0,4310.0,2239700.0,2026-09-16 10:25:00+07:00
1789529400,4310.0,4320.0,4300.0,4310.0,5009200.0,2026-09-16 10:30:00+07:00
1789529700,4310.0,4310.0,4300.0,4310.0,621700.0,2026-09-16 10:35:00+07:00
1789530000,4310.0,4310.0,4300.0,4310.0,234300.0,2026-09-16 10:40:00+07:00
1789530300,4310.0,4310.0,4300.0,4300.0,396500.0,2026-09-16 10:45:00+07:00
1789530600,4300.0,4310.0,4300.0,4300.0,449100.0,2026-09-16 10:50:00+07:00
1789530900,4310.0,4310.0,4300.0,4300.0,1282100.0,2026-09-16 10:55:00+07:00
1789531200,4310.0,4310.0,4300.0,4310.0,280700.0,2026-09-16 11:00:00+07:00
1789531500,4310.0,4310.0,4300.0,4300.0,312600.0,2026-09-16 11:05:00+07:00
1789531800,4300.0,4310.0,4300.0,4310.0,259600.0,2026-09-16 11:10:00+07:00
1789532100,4300.0,4310.0,4300.0,4300.0,691800.0,2026-09-16 11:15:00+07:00
1789532400,4310.0,4310.0,4300.0,4310.0,772400.0,2026-09-16 11:20:00+07:00
1789532700,4310.0,4310.0,4300.0,4300.0,705900.0,2026-09-16 11:25:00+07:00
1789533000,4310.0,4310.0,4300.0,4300.0,1017300.0,2026-09-16 11:30:00+07:00
1789533300,4300.0,4310.0,4300.0,4300.0,295500.0,2026-09-16 11:35:00+07:00
1789533600,4310.0,4310.0,4300.0,4310.0,478900.0,2026-09-16 11:40:00+07:00
1789533900,4310.0,4310.0,4300.0,4310.0,627200.0,2026-09-16 11:45:00+07:00
1789534200,4310.0,4310.0,4300.0,4310.0,2359400.0,2026-09-16 11:50:00+07:00
1789534500,4310.0,4310.0,4300.0,4300.0,984300.0,2026-09-16 11:55:00+07:00
1789540200,4310.0,4310.0,4300.0,4310.0,3574300.0,2026-09-16 13:30:00+07:00
1789540500,4310.0,4310.0,4300.0,4310.0,459300.0,2026-09-16 13:35:00+07:00
1789540800,4310.0,4310.0,4300.0,4300.0,568900.0,2026-09-16 13:40:00+07:00
1789541100,4300.0,4310.0,4300.0,4300.0,1844600.0,2026-09-16 13:45:00+07:00
1789541400,4300.0,4310.0,4300.0,4300.0,544900.0,2026-09-16 13:50:00+07:00
1789541700,4300.0,4310.0,4290.0,4300.0,4100600.0,2026-09-16 13:55:00+07:00
1789542000,4290.0,4300.0,4290.0,4290.0,431000.0,2026-09-16 14:00:00+07:00
1789542300,4290.0,4300.0,4290.0,4300.0,908900.0,2026-09-16 14:05:00+07:00
1789542600,4290.0,4300.0,4290.0,4290.0,443800.0,2026-09-16 14:10:00+07:00
1789542900,4300.0,4300.0,4290.0,4290.0,643900.0,2026-09-16 14:15:00+07:00
1789543200,4290.0,4300.0,4290.0,4290.0,600600.0,2026-09-16 14:20:00+07:00
1789543500,4300.0,4300.0,4290.0,4300.0,605000.0,2026-09-16 14:25:00+07:00
1789543800,4290.0,4300.0,4280.0,4280.0,6699600.0,2026-09-16 14:30:00+07:00
1789544100,4280.0,4290.0,4280.0,4280.0,698600.0,2026-09-16 14:35:00+07:00
1789544400,4290.0,4290.0,4280.0,4280.0,1046200.0,2026-09-16 14:40:00+07:00
1789544700,4280.0,4290.0,4280.0,4280.0,834700.0,2026-09-16 14:45:00+07:00
1789545000,4280.0,4290.0,4280.0,4290.0,316600.0,2026-09-16 14:50:00+07:00
1789545300,4290.0,4290.0,4280.0,4280.0,667100.0,2026-09-16 14:55:00+07:00
1789545600,4290.0,4290.0,4280.0,4280.0,2741100.0,2026-09-16 15:00:00+07:00
1789545900,4290.0,4290.0,4280.0,4290.0,1520800.0,2026-09-16 15:05:00+07:00
1789546200,4290.0,4290.0,4280.0,4290.0,1199600.0,2026-09-16 15:10:00+07:00
1789546500,4290.0,4290.0,4280.0,4290.0,2611300.0,2026-09-16 15:15:00+07:00
1789546800,4290.0,4290.0,4280.0,4280.0,3559100.0,2026-09-16 15:20:00+07:00
1789547100,4290.0,4290.0,4270.0,4270.0,5074200.0,2026-09-16 15:25:00+07:00
1789547400,4280.0,4280.0,4270.0,4280.0,924200.0,2026-09-16 15:30:00+07:00
1789547700,4280.0,4280.0,4270.0,4270.0,1401100.0,2026-09-16 15:35:00+07:00
1789548000,4280.0,4280.0,4270.0,4270.0,4017600.0,2026-09-16 15:40:00+07:00
1789548300,4280.0,4280.0,4270.0,4270.0,6190700.0,2026-09-16 15:45:00+07:00
1789549200,4260.0,4260.0,4260.0,4260.0,13257500.0,2026-09-16 16:00:00+07:00
1789549500,4260.0,4260.0,4260.0,4260.0,173200.0,2026-09-16 16:05:00+07:00
1789549800,4260.0,4260.0,4260.0,4260.0,190200.0,2026-09-16 16:10:00+07:00
1789610400,4330.0,4340.0,4300.0,4330.0,0.0,2026-09-17 09:00:00+07:00
1789610700,4330.0,4330.0,4310.0,4310.0,3686600.0,2026-09-17 09:05:00+07:00
1789611000,4310.0,4320.0,4300.0,4320.0,2356300.0,2026-09-17 09:10:00+07:00
1789611300,4320.0,4320.0,4310.0,4310.0,364600.0,2026-09-17 09:15:00+07:00
1789611600,4310.0,4320.0,4310.0,4320.0,487900.0,2026-09-17 09:20:00+07:00
1789611900,4310.0,4320.0,4310.0,4310.0,551500.0,2026-09-17 09:25:00+07:00
1789612200,4320.0,4320.0,4310.0,4310.0,872400.0,2026-09-17 09:30:00+07:00
1789612500,4310.0,4320.0,4310.0,4310.0,750000.0,2026-09-17 09:35:00+07:00
1789612800,4310.0,4320.0,4310.0,4320.0,345300.0,2026-09-17 09:40:00+07:00
1789613100,4310.0,4320.0,4300.0,4310.0,3860100.0,2026-09-17 09:45:00+07:00
1789613400,4310.0,4320.0,4310.0,4310.0,753000.0,2026-09-17 09:50:00+07:00
1789613700,4310.0,4330.0,4310.0,4320.0,6272000.0,2026-09-17 09:55:00+07:00
1789614000,4320.0,4330.0,4320.0,4320.0,1530900.0,2026-09-17 10:00:00+07:00
1789614300,4320.0,4330.0,4310.0,4310.0,3451700.0,2026-09-17 10:05:00+07:00
1789614600,4310.0,4320.0,4300.0,4320.0,2329200.0,2026-09-17 10:10:00+07:00
1789614900,4320.0,4320.0,4310.0,4320.0,142900.0,2026-09-17 10:15:00+07:00
1789615200,4320.0,4320.0,4310.0,4310.0,61000.0,2026-09-17 10:20:00+07:00
1789615500,4310.0,4320.0,4310.0,4310.0,212400.0,2026-09-17 10:25:00+07:00
1789615800,4310.0,4320.0,4310.0,4320.0,262200.0,2026-09-17 10:30:00+07:00
1789616100,4310.0,4320.0,4310.0,4310.0,243100.0,2026-09-17 10:35:00+07:00
1789616400,4320.0,4320.0,4310.0,4320.0,266100.0,2026-09-17 10:40:00+07:00
1789616700,4310.0,4330.0,4310.0,4320.0,2905900.0,2026-09-17 10:45:00+07:00
1789617000,4320.0,4330.0,4320.0,4330.0,342400.0,2026-09-17 10:50:00+07:00
1789617300,4320.0,4330.0,4320.0,4320.0,706400.0,2026-09-17 10:55:00+07:00
1789617600,4330.0,4350.0,4320.0,4350.0,6772200.0,2026-09-17 11:00:00+07:00
1789617900,4350.0,4350.0,4340.0,4350.0,944400.0,2026-09-17 11:05:00+07:00
1789618200,4350.0,4350.0,4340.0,4350.0,422500.0,2026-09-17 11:10:00+07:00
1789618500,4350.0,4350.0,4340.0,4340.0,4539000.0,2026-09-17 11:15:00+07:00
1789618800,4340.0,4350.0,4340.0,4350.0,1099200.0,2026-09-17 11:20:00+07:00
1789619100,4350.0,4350.0,4340.0,4340.0,431300.0,2026-09-17 11:25:00+07:00
1789619400,4350.0,4350.0,4340.0,4340.0,865300.0,2026-09-17 11:30:00+07:00
1789619700,4340.0,4350.0,4340.0,4340.0,1175500.0,2026-09-17 11:35:00+07:00
1789620000,4340.0,4350.0,4340.0,4340.0,1428300.0,2026-09-17 11:40:00+07:00
1789620300,4340.0,4350.0,4340.0,4340.0,1021900.0,2026-09-17 11:45:00+07:00
1789620600,4340.0,4350.0,4340.0,4340.0,513400.0,2026-09-17 11:50:00+07:00
1789620900,4340.0,4350.0,4340.0,4340.0,548000.0,2026-09-17 11:55:00+07:00
1789626600,4350.0,4350.0,4330.0,4330.0,1920400.0,2026-09-17 13:30:00+07:00
1789626900,4330.0,4340.0,4330.0,4340.0,1570300.0,2026-09-17 13:35:00+07:00
1789627200,4330.0,4340.0,4330.0,4330.0,538100.0,2026-09-17 13:40:00+07:00
1789627500,4330.0,4340.0,4320.0,4320.0,4250200.0,2026-09-17 13:45:00+07:00
1789627800,4320.0,4330.0,4320.0,4320.0,229300.0,2026-09-17 13:50:00+07:00
1789628100,4320.0,4330.0,4320.0,4320.0,362600.0,2026-09-17 13:55:00+07:00
1789628400,4320.0,4330.0,4320.0,4320.0,583300.0,2026-09-17 14:00:00+07:00
1789628700,4320.0,4330.0,4320.0,4320.0,376400.0,2026-09-17 14:05:00+07:00
1789629000,4320.0,4330.0,4320.0,4320.0,340000.0,2026-09-17 14:10:00+07:00
1789629300,4320.0,4330.0,4320.0,4330.0,219700.0,2026-09-17 14:15:00+07:00
1789629600,4320.0,4330.0,4320.0,4330.0,291800.0,2026-09-17 14:20:00+07:00
1789629900,4320.0,4330.0,4320.0,4320.0,666500.0,2026-09-17 14:25:00+07:00
1789630200,4330.0,4330.0,4320.0,4320.0,1337800.0,2026-09-17 14:30:00+07:00
1789630500,4320.0,4330.0,4320.0,4320.0,295500.0,2026-09-17 14:35:00+07:00
1789630800,4330.0,4350.0,4320.0,4340.0,4492100.0,2026-09-17 14:40:00+07:00
1789631100,4340.0,4350.0,4340.0,4340.0,384300.0,2026-09-17 14:45:00+07:00
1789631400,4350.0,4350.0,4340.0,4340.0,691500.0,2026-09-17 14:50:00+07:00
1789631700,4340.0,4350.0,4340.0,4340.0,672200.0,2026-09-17 14:55:00+07:00
1789632000,4350.0,4350.0,4340.0,4340.0,639200.0,2026-09-17 15:00:00+07:00
1789632300,4340.0,4350.0,4340.0,4350.0,632000.0,2026-09-17 15:05:00+07:00
1789632600,4350.0,4350.0,4340.0,4340.0,592800.0,2026-09-17 15:10:00+07:00
1789632900,4350.0,4350.0,4340.0,4350.0,1427000.0,2026-09-17 15:15:00+07:00
1789633200,4350.0,4350.0,4340.0,4340.0,675100.0,2026-09-17 15:20:00+07:00
1789633500,4340.0,4350.0,4340.0,4340.0,593300.0,2026-09-17 15:25:00+07:00
1789633800,4340.0,4350.0,4340.0,4340.0,867100.0,2026-09-17 15:30:00+07:00
1789634100,4340.0,4350.0,4340.0,4340.0,1394800.0,2026-09-17 15:35:00+07:00
1789634400,4340.0,4350.0,4340.0,4350.0,1896500.0,2026-09-17 15:40:00+07:00
1789634700,4340.0,4350.0,4340.0,4340.0,3754900.0,2026-09-17 15:45:00+07:00
1789635600,4350.0,4350.0,4350.0,4350.0,13547400.0,2026-09-17 16:00:00+07:00
1789635900,4350.0,4350.0,4350.0,4350.0,11400.0,2026-09-17 16:05:00+07:00
1789636200,4350.0,4350.0,4350.0,4350.0,183800.0,2026-09-17 16:10:00+07:00
1789696800,4350.0,4350.0,4320.0,4330.0,0.0,2026-09-18 09:00:00+07:00
1789697100,4330.0,4330.0,4300.0,4320.0,3282400.0,2026-09-18 09:05:00+07:00
1789697400,4320.0,4320.0,4310.0,4310.0,580500.0,2026-09-18 09:10:00+07:00
1789697700,4320.0,4320.0,4290.0,4300.0,3183900.0,2026-09-18 09:15:00+07:00
1789698000,4300.0,4300.0,4290.0,4290.0,804200.0,2026-09-18 09:20:00+07:00
1789698300,4290.0,4300.0,4280.0,4290.0,5876900.0,2026-09-18 09:25:00+07:00
1789698600,4290.0,4300.0,4290.0,4290.0,382900.0,2026-09-18 09:30:00+07:00
1789698900,4300.0,4300.0,4280.0,4280.0,756200.0,2026-09-18 09:35:00+07:00
1789699200,4280.0,4290.0,4280.0,4290.0,598300.0,2026-09-18 09:40:00+07:00
1789699500,4280.0,4290.0,4280.0,4280.0,573700.0,2026-09-18 09:45:00+07:00
1789699800,4280.0,4290.0,4280.0,4290.0,1096400.0,2026-09-18 09:50:00+07:00
1789700100,4280.0,4290.0,4270.0,4280.0,5447000.0,2026-09-18 09:55:00+07:00
1789700400,4280.0,4280.0,4270.0,4280.0,599500.0,2026-09-18 10:00:00+07:00
1789700700,4280.0,4280.0,4260.0,4270.0,5472100.0,2026-09-18 10:05:00+07:00
1789701000,4270.0,4270.0,4260.0,4270.0,895800.0,2026-09-18 10:10:00+07:00
1789701300,4270.0,4270.0,4260.0,4260.0,602700.0,2026-09-18 10:15:00+07:00
1789701600,4270.0,4270.0,4260.0,4260.0,617600.0,2026-09-18 10:20:00+07:00
1789701900,4270.0,4270.0,4260.0,4270.0,1505000.0,2026-09-18 10:25:00+07:00
1789702200,4270.0,4270.0,4260.0,4270.0,575600.0,2026-09-18 10:30:00+07:00
1789702500,4270.0,4280.0,4260.0,4270.0,2537600.0,2026-09-18 10:35:00+07:00
1789702800,4270.0,4280.0,4270.0,4270.0,2909300.0,2026-09-18 10:40:00+07:00
1789703100,4270.0,4290.0,4260.0,4280.0,3047100.0,2026-09-18 10:45:00+07:00
1789703400,4280.0,4290.0,4270.0,4280.0,2636000.0,2026-09-18 10:50:00+07:00
1789703700,4280.0,4280.0,4270.0,4270.0,107600.0,2026-09-18 10:55:00+07:00
1789704000,4280.0,4280.0,4250.0,4250.0,9239800.0,2026-09-18 11:00:00+07:00
1789704300,4250.0,4260.0,4250.0,4250.0,841500.0,2026-09-18 11:05:00+07:00
1789704600,4260.0,4260.0,4250.0,4260.0,3599800.0,2026-09-18 11:10:00+07:00
1789704900,4260.0,4260.0,4250.0,4260.0,891000.0,2026-09-18 11:15:00+07:00
1789705200,4260.0,4260.0,4250.0,4260.0,2086000.0,2026-09-18 11:20:00+07:00
1789705500,4260.0,4260.0,4250.0,4260.0,756800.0,2026-09-18 11:25:00+07:00
1789714800,4260.0,4280.0,4260.0,4270.0,6051100.0,2026-09-18 14:00:00+07:00
1789715100,4280.0,4280.0,4260.0,4270.0,1179400.0,2026-09-18 14:05:00+07:00
1789715400,4270.0,4270.0,4260.0,4270.0,418400.0,2026-09-18 14:10:00+07:00
1789715700,4270.0,4270.0,4260.0,4260.0,724600.0,2026-09-18 14:15:00+07:00
1789716000,4270.0,4270.0,4260.0,4260.0,1467500.0,2026-09-18 14:20:00+07:00
1789716300,4270.0,4270.0,4260.0,4260.0,996000.0,2026-09-18 14:25:00+07:00
1789716600,4260.0,4270.0,4260.0,4270.0,639400.0,2026-09-18 14:30:00+07:00
1789716900,4260.0,4270.0,4260.0,4270.0,935200.0,2026-09-18 14:35:00+07:00
1789717200,4270.0,4270.0,4260.0,4260.0,2040800.0,2026-09-18 14:40:00+07:00
1789717500,4260.0,4270.0,4260.0,4260.0,968200.0,2026-09-18 14:45:00+07:00
1789717800,4260.0,4270.0,4260.0,4270.0,2129800.0,2026-09-18 14:50:00+07:00
1789718100,4260.0,4270.0,4260.0,4270.0,792800.0,2026-09-18 14:55:00+07:00
1789718400,4260.0,4270.0,4250.0,4260.0,6557500.0,2026-09-18 15:00:00+07:00
1789718700,4250.0,4260.0,4250.0,4260.0,1126600.0,2026-09-18 15:05:00+07:00
1789719000,4260.0,4260.0,4250.0,4260.0,2362100.0,2026-09-18 15:10:00+07:00
1789719300,4260.0,4260.0,4250.0,4260.0,862900.0,2026-09-18 15:15:00+07:00
1789719600,4250.0,4260.0,4250.0,4260.0,1133900.0,2026-09-18 15:20:00+07:00
1789719900,4250.0,4260.0,4250.0,4260.0,1071800.0,2026-09-18 15:25:00+07:00
1789720200,4260.0,4260.0,4250.0,4250.0,1868400.0,2026-09-18 15:30:00+07:00
1789720500,4260.0,4260.0,4250.0,4250.0,3065900.0,2026-09-18 15:35:00+07:00
1789720800,4250.0,4260.0,4250.0,4250.0,5668700.0,2026-09-18 15:40:00+07:00
1789721100,4260.0,4270.0,4250.0,4270.0,5437200.0,2026-09-18 15:45:00+07:00
1789722000,4260.0,4260.0,4260.0,4260.0,71015200.0,2026-09-18 16:00:00+07:00
1789722300,4260.0,4260.0,4260.0,4260.0,1361300.0,2026-09-18 16:05:00+07:00
1789722600,4260.0,4260.0,4260.0,4260.0,93300.0,2026-09-18 16:10:00+07:00
1789956000,4260.0,4270.0,4240.0,4250.0,0.0,2026-09-21 09:00:00+07:00
1789956300,4240.0,4250.0,4230.0,4230.0,1611200.0,2026-09-21 09:05:00+07:00
1789956600,4240.0,4240.0,4230.0,4230.0,1250100.0,2026-09-21 09:10:00+07:00
1789956900,4240.0,4240.0,4230.0,4230.0,817400.0,2026-09-21 09:15:00+07:00
1789957200,4230.0,4240.0,4230.0,4240.0,369100.0,2026-09-21 09:20:00+07:00
1789957500,4240.0,4240.0,4230.0,4230.0,699100.0,2026-09-21 09:25:00+07:00
1789957800,4240.0,4240.0,4210.0,4220.0,5479800.0,2026-09-21 09:30:00+07:00
1789958100,4220.0,4220.0,4210.0,4220.0,731600.0,2026-09-21 09:35:00+07:00
1789958400,4210.0,4220.0,4210.0,4210.0,2872400.0,2026-09-21 09:40:00+07:00
1789958700,4220.0,4230.0,4210.0,4230.0,4322600.0,2026-09-21 09:45:00+07:00
1789959000,4230.0,4230.0,4220.0,4230.0,184400.0,2026-09-21 09:50:00+07:00
1789959300,4230.0,4230.0,4210.0,4220.0,4162100.0,2026-09-21 09:55:00+07:00
1789959600,4220.0,4230.0,4210.0,4230.0,845900.0,2026-09-21 10:00:00+07:00
1789959900,4230.0,4230.0,4220.0,4230.0,500400.0,2026-09-21 10:05:00+07:00
1789960200,4230.0,4230.0,4220.0,4230.0,250300.0,2026-09-21 10:10:00+07:00
1789960500,4230.0,4230.0,4220.0,4220.0,1789000.0,2026-09-21 10:15:00+07:00
1789960800,4230.0,4230.0,4220.0,4230.0,880000.0,2026-09-21 10:20:00+07:00
1789961100,4230.0,4230.0,4220.0,4230.0,447800.0,2026-09-21 10:25:00+07:00
1789961400,4220.0,4230.0,4220.0,4230.0,188700.0,2026-09-21 10:30:00+07:00
1789961700,4230.0,4230.0,4220.0,4230.0,515200.0,2026-09-21 10:35:00+07:00
1789962000,4230.0,4230.0,4220.0,4230.0,348100.0,2026-09-21 10:40:00+07:00
1789962300,4230.0,4230.0,4220.0,4230.0,460800.0,2026-09-21 10:45:00+07:00
1789962600,4230.0,4230.0,4210.0,4220.0,2425700.0,2026-09-21 10:50:00+07:00
1789962900,4220.0,4220.0,4210.0,4220.0,1731600.0,2026-09-21 10:55:00+07:00
1789963200,4220.0,4220.0,4210.0,4220.0,462500.0,2026-09-21 11:00:00+07:00
1789963500,4220.0,4220.0,4210.0,4220.0,419400.0,2026-09-21 11:05:00+07:00
1789963800,4220.0,4220.0,4210.0,4220.0,206800.0,2026-09-21 11:10:00+07:00
1789964100,4220.0,4220.0,4210.0,4220.0,327000.0,2026-09-21 11:15:00+07:00
1789964400,4210.0,4220.0,4210.0,4220.0,223400.0,2026-09-21 11:20:00+07:00
1789964700,4220.0,4220.0,4210.0,4220.0,485300.0,2026-09-21 11:25:00+07:00
1789965000,4210.0,4220.0,4210.0,4220.0,423100.0,2026-09-21 11:30:00+07:00
1789965300,4210.0,4220.0,4210.0,4220.0,291000.0,2026-09-21 11:35:00+07:00
1789965600,4220.0,4220.0,4210.0,4210.0,157800.0,2026-09-21 11:40:00+07:00
1789965900,4220.0,4220.0,4210.0,4220.0,497200.0,2026-09-21 11:45:00+07:00
1789966200,4220.0,4230.0,4210.0,4220.0,543300.0,2026-09-21 11:50:00+07:00
1789966500,4230.0,4230.0,4220.0,4230.0,167100.0,2026-09-21 11:55:00+07:00
1789972200,4230.0,4240.0,4220.0,4240.0,1920100.0,2026-09-21 13:30:00+07:00
1789972500,4240.0,4240.0,4220.0,4230.0,573900.0,2026-09-21 13:35:00+07:00
1789972800,4230.0,4230.0,4220.0,4230.0,305000.0,2026-09-21 13:40:00+07:00
1789973100,4230.0,4230.0,4220.0,4230.0,348200.0,2026-09-21 13:45:00+07:00
1789973400,4220.0,4230.0,4220.0,4220.0,287100.0,2026-09-21 13:50:00+07:00
1789973700,4220.0,4230.0,4220.0,4230.0,184900.0,2026-09-21 13:55:00+07:00
1789974000,4230.0,4230.0,4220.0,4230.0,543600.0,2026-09-21 14:00:00+07:00
1789974300,4230.0,4230.0,4220.0,4220.0,593000.0,2026-09-21 14:05:00+07:00
1789974600,4230.0,4230.0,4220.0,4230.0,120400.0,2026-09-21 14:10:00+07:00
1789974900,4220.0,4230.0,4210.0,4210.0,2733600.0,2026-09-21 14:15:00+07:00
1789975200,4210.0,4220.0,4210.0,4220.0,740300.0,2026-09-21 14:20:00+07:00
1789975500,4220.0,4220.0,4210.0,4220.0,208700.0,2026-09-21 14:25:00+07:00
1789975800,4220.0,4220.0,4210.0,4220.0,583000.0,2026-09-21 14:30:00+07:00
1789976100,4220.0,4220.0,4210.0,4220.0,1318600.0,2026-09-21 14:35:00+07:00
1789976400,4210.0,4220.0,4210.0,4210.0,313100.0,2026-09-21 14:40:00+07:00
1789976700,4210.0,4220.0,4210.0,4210.0,337200.0,2026-09-21 14:45:00+07:00
1789977000,4210.0,4220.0,4210.0,4220.0,387800.0,2026-09-21 14:50:00+07:00
1789977300,4210.0,4220.0,4210.0,4210.0,523400.0,2026-09-21 14:55:00+07:00
1789977600,4210.0,4220.0,4210.0,4220.0,882200.0,2026-09-21 15:00:00+07:00
1789977900,4220.0,4220.0,4210.0,4220.0,615600.0,2026-09-21 15:05:00+07:00
1789978200,4210.0,4220.0,4210.0,4220.0,862400.0,2026-09-21 15:10:00+07:00
1789978500,4220.0,4220.0,4210.0,4210.0,988100.0,2026-09-21 15:15:00+07:00
1789978800,4210.0,4220.0,4210.0,4210.0,878600.0,2026-09-21 15:20:00+07:00
1789979100,4220.0,4220.0,4210.0,4210.0,986100.0,2026-09-21 15:25:00+07:00
1789979400,4210.0,4220.0,4210.0,4210.0,1072100.0,2026-09-21 15:30:00+07:00
1789979700,4210.0,4220.0,4210.0,4220.0,1214400.0,2026-09-21 15:35:00+07:00
1789980000,4220.0,4220.0,4210.0,4210.0,1745200.0,2026-09-21 15:40:00+07:00
1789980300,4220.0,4220.0,4200.0,4200.0,2638400.0,2026-09-21 15:45:00+07:00
1789981200,4200.0,4200.0,4200.0,4200.0,9087800.0,2026-09-21 16:00:00+07:00
1789981500,4200.0,4200.0,4200.0,4200.0,7600.0,2026-09-21 16:05:00+07:00
1789981800,4200.0,4200.0,4200.0,4200.0,29100.0,2026-09-21 16:10:00+07:00
1790042400,4200.0,4210.0,4190.0,4190.0,0.0,2026-09-22 09:00:00+07:00
1790042700,4200.0,4220.0,4180.0,4220.0,9714500.0,2026-09-22 09:05:00+07:00
1790043000,4230.0,4230.0,4200.0,4210.0,2668600.0,2026-09-22 09:10:00+07:00
1790043300,4210.0,4210.0,4200.0,4210.0,1582300.0,2026-09-22 09:15:00+07:00
1790043600,4210.0,4220.0,4200.0,4210.0,4599300.0,2026-09-22 09:20:00+07:00
1790043900,4220.0,4220.0,4200.0,4210.0,2156000.0,2026-09-22 09:25:00+07:00
1790044200,4210.0,4210.0,4200.0,4210.0,1287100.0,2026-09-22 09:30:00+07:00
1790044500,4210.0,4210.0,4200.0,4210.0,293400.0,2026-09-22 09:35:00+07:00
1790044800,4210.0,4210.0,4200.0,4210.0,500100.0,2026-09-22 09:40:00+07:00
1790045100,4210.0,4210.0,4190.0,4200.0,2839700.0,2026-09-22 09:45:00+07:00
1790045400,4200.0,4200.0,4180.0,4190.0,2571200.0,2026-09-22 09:50:00+07:00
1790045700,4190.0,4190.0,4180.0,4180.0,1824800.0,2026-09-22 09:55:00+07:00
1790046000,4180.0,4190.0,4180.0,4190.0,1500400.0,2026-09-22 10:00:00+07:00
1790046300,4190.0,4190.0,4180.0,4180.0,845500.0,2026-09-22 10:05:00+07:00
1790046600,4190.0,4190.0,4180.0,4190.0,1454500.0,2026-09-22 10:10:00+07:00
1790046900,4190.0,4190.0,4170.0,4180.0,6111000.0,2026-09-22 10:15:00+07:00
1790047200,4180.0,4180.0,4170.0,4170.0,951000.0,2026-09-22 10:20:00+07:00
1790047500,4170.0,4180.0,4170.0,4170.0,1138400.0,2026-09-22 10:25:00+07:00
1790047800,4180.0,4180.0,4170.0,4170.0,618300.0,2026-09-22 10:30:00+07:00
1790048100,4180.0,4180.0,4170.0,4180.0,2987600.0,2026-09-22 10:35:00+07:00
1790048400,4180.0,4180.0,4170.0,4180.0,1142300.0,2026-09-22 10:40:00+07:00
1790048700,4180.0,4180.0,4170.0,4170.0,1113200.0,2026-09-22 10:45:00+07:00
1790049000,4180.0,4180.0,4170.0,4180.0,1480400.0,2026-09-22 10:50:00+07:00
1790049300,4170.0,4180.0,4170.0,4180.0,1310300.0,2026-09-22 10:55:00+07:00
1790049600,4180.0,4180.0,4160.0,4160.0,3796600.0,2026-09-22 11:00:00+07:00
1790049900,4170.0,4180.0,4160.0,4180.0,3281200.0,2026-09-22 11:05:00+07:00
1790050200,4180.0,4200.0,4170.0,4200.0,3317000.0,2026-09-22 11:10:00+07:00
1790050500,4200.0,4220.0,4190.0,4190.0,3764800.0,2026-09-22 11:15:00+07:00
1790050800,4200.0,4200.0,4190.0,4200.0,176100.0,2026-09-22 11:20:00+07:00
1790051100,4200.0,4200.0,4190.0,4200.0,618300.0,2026-09-22 11:25:00+07:00
1790051400,4200.0,4200.0,4190.0,4200.0,338800.0,2026-09-22 11:30:00+07:00
1790051700,4200.0,4200.0,4190.0,4190.0,207900.0,2026-09-22 11:35:00+07:00
1790052000,4200.0,4200.0,4190.0,4190.0,221900.0,2026-09-22 11:40:00+07:00
1790052300,4200.0,4200.0,4190.0,4190.0,429300.0,2026-09-22 11:45:00+07:00
1790052600,4190.0,4200.0,4190.0,4190.0,357300.0,2026-09-22 11:50:00+07:00
1790052900,4190.0,4200.0,4190.0,4190.0,824900.0,2026-09-22 11:55:00+07:00
1790058600,4200.0,4200.0,4180.0,4180.0,1182200.0,2026-09-22 13:30:00+07:00
1790058900,4190.0,4190.0,4180.0,4190.0,479700.0,2026-09-22 13:35:00+07:00
1790059200,4190.0,4190.0,4180.0,4190.0,218600.0,2026-09-22 13:40:00+07:00
1790059500,4190.0,4190.0,4180.0,4190.0,332100.0,2026-09-22 13:45:00+07:00
1790059800,4190.0,4190.0,4180.0,4180.0,897100.0,2026-09-22 13:50:00+07:00
1790060100,4190.0,4190.0,4170.0,4170.0,1382900.0,2026-09-22 13:55:00+07:00
1790060400,4170.0,4180.0,4170.0,4180.0,997200.0,2026-09-22 14:00:00+07:00
1790060700,4180.0,4180.0,4170.0,4170.0,548000.0,2026-09-22 14:05:00+07:00
1790061000,4180.0,4180.0,4170.0,4180.0,719300.0,2026-09-22 14:10:00+07:00
1790061300,4180.0,4180.0,4170.0,4180.0,913500.0,2026-09-22 14:15:00+07:00
1790061600,4180.0,4180.0,4170.0,4180.0,889700.0,2026-09-22 14:20:00+07:00
1790061900,4180.0,4180.0,4170.0,4170.0,1587500.0,2026-09-22 14:25:00+07:00
1790062200,4180.0,4180.0,4170.0,4170.0,1331000.0,2026-09-22 14:30:00+07:00
1790062500,4180.0,4180.0,4170.0,4180.0,958500.0,2026-09-22 14:35:00+07:00
1790062800,4180.0,4180.0,4170.0,4180.0,1094500.0,2026-09-22 14:40:00+07:00
1790063100,4170.0,4180.0,4170.0,4170.0,1151300.0,2026-09-22 14:45:00+07:00
1790063400,4180.0,4180.0,4170.0,4170.0,759500.0,2026-09-22 14:50:00+07:00
1790063700,4180.0,4180.0,4170.0,4170.0,700100.0,2026-09-22 14:55:00+07:00
1790064000,4180.0,4180.0,4170.0,4180.0,826400.0,2026-09-22 15:00:00+07:00
1790064300,4170.0,4180.0,4170.0,4170.0,2133100.0,2026-09-22 15:05:00+07:00
1790064600,4180.0,4180.0,4170.0,4170.0,981600.0,2026-09-22 15:10:00+07:00
1790064900,4180.0,4180.0,4170.0,4180.0,1155800.0,2026-09-22 15:15:00+07:00
1790065200,4180.0,4180.0,4170.0,4180.0,1072600.0,2026-09-22 15:20:00+07:00
1790065500,4170.0,4180.0,4170.0,4170.0,1139300.0,2026-09-22 15:25:00+07:00
1790065800,4180.0,4180.0,4170.0,4180.0,1599900.0,2026-09-22 15:30:00+07:00
1790066100,4180.0,4180.0,4170.0,4180.0,1462900.0,2026-09-22 15:35:00+07:00
1790066400,4180.0,4190.0,4170.0,4190.0,3989100.0,2026-09-22 15:40:00+07:00
1790066700,4190.0,4190.0,4170.0,4170.0,3236800.0,2026-09-22 15:45:00+07:00
1790067000,4180.0,4180.0,4180.0,4180.0,900.0,2026-09-22 15:50:00+07:00
1790067600,4160.0,4160.0,4160.0,4160.0,10544300.0,2026-09-22 16:00:00+07:00
1790067900,4160.0,4160.0,4160.0,4160.0,290000.0,2026-09-22 16:05:00+07:00
1790068200,4160.0,4160.0,4160.0,4160.0,135500.0,2026-09-22 16:10:00+07:00
1790128800,4180.0,4200.0,4170.0,4180.0,0.0,2026-09-23 09:00:00+07:00
1790129100,4180.0,4180.0,4170.0,4180.0,649600.0,2026-09-23 09:05:00+07:00
1790129400,4180.0,4180.0,4150.0,4150.0,4800500.0,2026-09-23 09:10:00+07:00
1790129700,4150.0,4160.0,4150.0,4160.0,502400.0,2026-09-23 09:15:00+07:00
1790130000,4160.0,4160.0,4140.0,4140.0,5306800.0,2026-09-23 09:20:00+07:00
1790130300,4150.0,4150.0,4140.0,4150.0,746600.0,2026-09-23 09:25:00+07:00
1790130600,4150.0,4150.0,4140.0,4140.0,294700.0,2026-09-23 09:30:00+07:00
1790130900,4150.0,4150.0,4140.0,4150.0,345200.0,2026-09-23 09:35:00+07:00
1790131200,4150.0,4160.0,4140.0,4160.0,1036500.0,2026-09-23 09:40:00+07:00
1790131500,4160.0,4180.0,4150.0,4170.0,3718800.0,2026-09-23 09:45:00+07:00
1790131800,4170.0,4170.0,4160.0,4170.0,1024700.0,2026-09-23 09:50:00+07:00
1790132100,4170.0,4180.0,4160.0,4180.0,234000.0,2026-09-23 09:55:00+07:00
1790132400,4180.0,4180.0,4170.0,4170.0,708600.0,2026-09-23 10:00:00+07:00
1790132700,4180.0,4190.0,4170.0,4190.0,702200.0,2026-09-23 10:05:00+07:00
1790133000,4190.0,4190.0,4180.0,4180.0,218100.0,2026-09-23 10:10:00+07:00
1790133300,4180.0,4190.0,4180.0,4190.0,398300.0,2026-09-23 10:15:00+07:00
1790133600,4190.0,4190.0,4180.0,4190.0,247300.0,2026-09-23 10:20:00+07:00
1790133900,4190.0,4190.0,4180.0,4180.0,482900.0,2026-09-23 10:25:00+07:00
1790134200,4190.0,4190.0,4180.0,4190.0,559100.0,2026-09-23 10:30:00+07:00
1790134500,4190.0,4190.0,4180.0,4190.0,307600.0,2026-09-23 10:35:00+07:00
1790134800,4190.0,4190.0,4180.0,4190.0,269700.0,2026-09-23 10:40:00+07:00
1790135100,4190.0,4190.0,4180.0,4190.0,240400.0,2026-09-23 10:45:00+07:00
1790135400,4180.0,4190.0,4180.0,4190.0,314800.0,2026-09-23 10:50:00+07:00
1790135700,4190.0,4190.0,4180.0,4190.0,526900.0,2026-09-23 10:55:00+07:00
1790136000,4180.0,4190.0,4150.0,4170.0,8160200.0,2026-09-23 11:00:00+07:00
1790136300,4170.0,4170.0,4160.0,4170.0,328400.0,2026-09-23 11:05:00+07:00
1790136600,4160.0,4170.0,4160.0,4160.0,313300.0,2026-09-23 11:10:00+07:00
1790136900,4160.0,4170.0,4160.0,4170.0,161900.0,2026-09-23 11:15:00+07:00
1790137200,4170.0,4170.0,4160.0,4170.0,322500.0,2026-09-23 11:20:00+07:00
1790137500,4160.0,4170.0,4160.0,4160.0,106100.0,2026-09-23 11:25:00+07:00
1790137800,4170.0,4170.0,4160.0,4170.0,338400.0,2026-09-23 11:30:00+07:00
1790138100,4160.0,4170.0,4160.0,4170.0,206800.0,2026-09-23 11:35:00+07:00
1790138400,4160.0,4170.0,4160.0,4170.0,335100.0,2026-09-23 11:40:00+07:00
1790138700,4160.0,4170.0,4160.0,4170.0,263100.0,2026-09-23 11:45:00+07:00
1790139000,4170.0,4190.0,4160.0,4190.0,1600100.0,2026-09-23 11:50:00+07:00
1790139300,4190.0,4190.0,4180.0,4190.0,107500.0,2026-09-23 11:55:00+07:00
1790145000,4190.0,4200.0,4180.0,4200.0,1650800.0,2026-09-23 13:30:00+07:00
1790145300,4200.0,4200.0,4180.0,4180.0,1178800.0,2026-09-23 13:35:00+07:00
1790145600,4190.0,4190.0,4180.0,4190.0,182200.0,2026-09-23 13:40:00+07:00
1790145900,4180.0,4190.0,4180.0,4190.0,164200.0,2026-09-23 13:45:00+07:00
1790146200,4190.0,4190.0,4180.0,4190.0,536800.0,2026-09-23 13:50:00+07:00
1790146500,4190.0,4190.0,4180.0,4190.0,299200.0,2026-09-23 13:55:00+07:00
1790146800,4190.0,4190.0,4170.0,4180.0,3295600.0,2026-09-23 14:00:00+07:00
1790147100,4170.0,4180.0,4170.0,4170.0,212500.0,2026-09-23 14:05:00+07:00
1790147400,4170.0,4180.0,4170.0,4180.0,274600.0,2026-09-23 14:10:00+07:00
1790147700,4180.0,4180.0,4170.0,4170.0,246900.0,2026-09-23 14:15:00+07:00
1790148000,4180.0,4180.0,4170.0,4170.0,429200.0,2026-09-23 14:20:00+07:00
1790148300,4180.0,4190.0,4170.0,4190.0,2755500.0,2026-09-23 14:25:00+07:00
1790148600,4190.0,4200.0,4190.0,4200.0,2226900.0,2026-09-23 14:30:00+07:00
1790148900,4200.0,4200.0,4190.0,4200.0,683000.0,2026-09-23 14:35:00+07:00
1790149200,4200.0,4200.0,4190.0,4200.0,354100.0,2026-09-23 14:40:00+07:00
1790149500,4190.0,4200.0,4180.0,4180.0,3029400.0,2026-09-23 14:45:00+07:00
1790149800,4190.0,4190.0,4180.0,4190.0,271900.0,2026-09-23 14:50:00+07:00
1790150100,4190.0,4190.0,4180.0,4190.0,1978500.0,2026-09-23 14:55:00+07:00
1790150400,4190.0,4190.0,4180.0,4190.0,429200.0,2026-09-23 15:00:00+07:00
1790150700,4190.0,4190.0,4180.0,4190.0,651500.0,2026-09-23 15:05:00+07:00
1790151000,4190.0,4200.0,4180.0,4200.0,1405300.0,2026-09-23 15:10:00+07:00
1790151300,4200.0,4200.0,4190.0,4200.0,568700.0,2026-09-23 15:15:00+07:00
1790151600,4200.0,4200.0,4190.0,4190.0,800300.0,2026-09-23 15:20:00+07:00
1790151900,4200.0,4200.0,4190.0,4200.0,3235300.0,2026-09-23 15:25:00+07:00
1790152200,4200.0,4200.0,4190.0,4190.0,630900.0,2026-09-23 15:30:00+07:00
1790152500,4200.0,4200.0,4190.0,4200.0,1754900.0,2026-09-23 15:35:00+07:00
1790152800,4200.0,4200.0,4190.0,4200.0,2055800.0,2026-09-23 15:40:00+07:00
1790153100,4190.0,4210.0,4190.0,4210.0,3795500.0,2026-09-23 15:45:00+07:00
1790154000,4190.0,4190.0,4190.0,4190.0,12446500.0,2026-09-23 16:00:00+07:00
1790154300,4190.0,4190.0,4190.0,4190.0,192200.0,2026-09-23 16:05:00+07:00
1790154600,4190.0,4190.0,4190.0,4190.0,233500.0,2026-09-23 16:10:00+07:00
